"","OPR_DT","OPR_HR","OPR_INTERVAL","TI_ID","TI_DIRECTION","CONSTRAINT_CAUSE","PRC","MARKET_RUN_ID"
"1","2024-05-01",9,4,"BLYTHE_ITC","E","Base Case",-4e-04,"RTD"
"2","2024-05-01",18,11,"BLYTHE_ITC","E","Base Case",-4e-04,"RTD"
"3","2024-05-01",9,6,"BLYTHE_ITC","E","Base Case",-4e-04,"RTD"
"4","2024-05-01",9,7,"BLYTHE_ITC","E","Base Case",-4e-04,"RTD"
"5","2024-05-01",9,8,"BLYTHE_ITC","E","Base Case",-4e-04,"RTD"
"6","2024-05-01",9,9,"BLYTHE_ITC","E","Base Case",-4e-04,"RTD"
"7","2024-05-01",9,10,"BLYTHE_ITC","E","Base Case",-4e-04,"RTD"
"8","2024-05-01",9,11,"BLYTHE_ITC","E","Base Case",-4e-04,"RTD"
"9","2024-05-01",9,12,"BLYTHE_ITC","E","Base Case",-4e-04,"RTD"
"10","2024-05-01",14,1,"BLYTHE_ITC","E","Base Case",-4e-04,"RTD"
"11","2024-05-01",14,2,"BLYTHE_ITC","E","Base Case",-4e-04,"RTD"
"12","2024-05-01",14,3,"BLYTHE_ITC","E","Base Case",-4e-04,"RTD"
"13","2024-05-01",14,4,"BLYTHE_ITC","E","Base Case",-4e-04,"RTD"
"14","2024-05-01",18,8,"BLYTHE_ITC","E","Base Case",-4e-04,"RTD"
"15","2024-05-01",18,9,"BLYTHE_ITC","E","Base Case",-4e-04,"RTD"
"16","2024-05-01",18,10,"BLYTHE_ITC","E","Base Case",-4e-04,"RTD"
"17","2024-05-01",9,5,"BLYTHE_ITC","E","Base Case",-4e-04,"RTD"
"18","2024-05-01",12,8,"EPE_SNMIC_ITC","I","Base Case",-8e-04,"RTD"
"19","2024-05-01",18,10,"EPE_SNMIC_ITC","I","Base Case",-0.17028,"RTD"
"20","2024-05-01",15,1,"EPE_SNMIC_ITC","I","Base Case",-18.51165,"RTD"
"21","2024-05-01",15,2,"EPE_SNMIC_ITC","I","Base Case",-17.69854,"RTD"
"22","2024-05-01",15,3,"EPE_SNMIC_ITC","I","Base Case",-17.69854,"RTD"
"23","2024-05-01",15,4,"EPE_SNMIC_ITC","I","Base Case",-18.65211,"RTD"
"24","2024-05-01",15,5,"EPE_SNMIC_ITC","I","Base Case",-17.91807,"RTD"
"25","2024-05-01",15,6,"EPE_SNMIC_ITC","I","Base Case",-19.43248,"RTD"
"26","2024-05-01",15,7,"EPE_SNMIC_ITC","I","Base Case",-18.68254,"RTD"
"27","2024-05-01",17,1,"EPE_SNMIC_ITC","I","Base Case",-34.16168,"RTD"
"28","2024-05-01",17,2,"EPE_SNMIC_ITC","I","Base Case",-37.04154,"RTD"
"29","2024-05-01",17,3,"EPE_SNMIC_ITC","I","Base Case",-38.21822,"RTD"
"30","2024-05-01",17,4,"EPE_SNMIC_ITC","I","Base Case",-40.06273,"RTD"
"31","2024-05-01",17,5,"EPE_SNMIC_ITC","I","Base Case",-40.94951,"RTD"
"32","2024-05-01",17,6,"EPE_SNMIC_ITC","I","Base Case",-40.80912,"RTD"
"33","2024-05-01",17,7,"EPE_SNMIC_ITC","I","Base Case",-38.14027,"RTD"
"34","2024-05-01",17,8,"EPE_SNMIC_ITC","I","Base Case",-27.33617,"RTD"
"35","2024-05-01",17,9,"EPE_SNMIC_ITC","I","Base Case",-25.3206,"RTD"
"36","2024-05-01",17,10,"EPE_SNMIC_ITC","I","Base Case",-26.43234,"RTD"
"37","2024-05-01",17,11,"EPE_SNMIC_ITC","I","Base Case",-27.08508,"RTD"
"38","2024-05-01",17,12,"EPE_SNMIC_ITC","I","Base Case",-37.38297,"RTD"
"39","2024-05-01",18,1,"EPE_SNMIC_ITC","I","Base Case",-37.86638,"RTD"
"40","2024-05-01",18,2,"EPE_SNMIC_ITC","I","Base Case",-35.04533,"RTD"
"41","2024-05-01",18,3,"EPE_SNMIC_ITC","I","Base Case",-34.72074,"RTD"
"42","2024-05-01",18,4,"EPE_SNMIC_ITC","I","Base Case",-33.41104,"RTD"
"43","2024-05-01",18,5,"EPE_SNMIC_ITC","I","Base Case",-23.42246,"RTD"
"44","2024-05-01",18,6,"EPE_SNMIC_ITC","I","Base Case",-17.01589,"RTD"
"45","2024-05-01",18,7,"EPE_SNMIC_ITC","I","Base Case",-10.41948,"RTD"
"46","2024-05-01",18,8,"EPE_SNMIC_ITC","I","Base Case",-5.96722,"RTD"
"47","2024-05-01",18,9,"EPE_SNMIC_ITC","I","Base Case",-0.91626,"RTD"
"48","2024-05-01",12,9,"EPE_SNMIC_ITC","I","Base Case",-8e-04,"RTD"
"49","2024-05-01",7,9,"LDWP_IPP_NORTH","E","Base Case",-1.16669,"RTD"
"50","2024-05-01",7,10,"LDWP_IPP_NORTH","E","Base Case",-3.13711,"RTD"
"51","2024-05-01",19,6,"LDWP_IPP_NORTH","E","Base Case",-0.1289,"RTD"
"52","2024-05-01",19,3,"LDWP_IPP_NORTH","E","Base Case",-1.71149,"RTD"
"53","2024-05-01",19,2,"LDWP_IPP_NORTH","E","Base Case",-1.71149,"RTD"
"54","2024-05-01",19,1,"LDWP_IPP_NORTH","E","Base Case",-1.6019,"RTD"
"55","2024-05-01",18,12,"LDWP_IPP_NORTH","E","Base Case",-1.0341,"RTD"
"56","2024-05-01",7,11,"LDWP_IPP_NORTH","E","Base Case",-3.16425,"RTD"
"57","2024-05-01",7,12,"LDWP_IPP_NORTH","E","Base Case",-3.8874,"RTD"
"58","2024-05-01",8,1,"LDWP_IPP_NORTH","E","Base Case",-5.32186,"RTD"
"59","2024-05-01",8,2,"LDWP_IPP_NORTH","E","Base Case",-8.56704,"RTD"
"60","2024-05-01",8,3,"LDWP_IPP_NORTH","E","Base Case",-10.76397,"RTD"
"61","2024-05-01",8,4,"LDWP_IPP_NORTH","E","Base Case",-9.36812,"RTD"
"62","2024-05-01",8,5,"LDWP_IPP_NORTH","E","Base Case",-12.97199,"RTD"
"63","2024-05-01",8,6,"LDWP_IPP_NORTH","E","Base Case",-12.81267,"RTD"
"64","2024-05-01",8,7,"LDWP_IPP_NORTH","E","Base Case",-2.1298,"RTD"
"65","2024-05-01",8,8,"LDWP_IPP_NORTH","E","Base Case",-3.82686,"RTD"
"66","2024-05-01",8,9,"LDWP_IPP_NORTH","E","Base Case",-3.4722,"RTD"
"67","2024-05-01",8,10,"LDWP_IPP_NORTH","E","Base Case",-4.07797,"RTD"
"68","2024-05-01",8,11,"LDWP_IPP_NORTH","E","Base Case",-5.24323,"RTD"
"69","2024-05-01",8,12,"LDWP_IPP_NORTH","E","Base Case",-5.34803,"RTD"
"70","2024-05-01",17,1,"LDWP_IPP_NORTH","E","Base Case",-5.1152,"RTD"
"71","2024-05-01",17,2,"LDWP_IPP_NORTH","E","Base Case",-10.91383,"RTD"
"72","2024-05-01",17,3,"LDWP_IPP_NORTH","E","Base Case",-9.2931,"RTD"
"73","2024-05-01",17,4,"LDWP_IPP_NORTH","E","Base Case",-3.23507,"RTD"
"74","2024-05-01",17,8,"LDWP_IPP_NORTH","E","Base Case",-3.82515,"RTD"
"75","2024-05-01",17,9,"LDWP_IPP_NORTH","E","Base Case",-3.05405,"RTD"
"76","2024-05-01",18,7,"LDWP_IPP_NORTH","E","Base Case",-4.08647,"RTD"
"77","2024-05-01",18,8,"LDWP_IPP_NORTH","E","Base Case",-2.94741,"RTD"
"78","2024-05-01",18,9,"LDWP_IPP_NORTH","E","Base Case",-3.61241,"RTD"
"79","2024-05-01",18,10,"LDWP_IPP_NORTH","E","Base Case",-2.25357,"RTD"
"80","2024-05-01",18,11,"LDWP_IPP_NORTH","E","Base Case",-2.89346,"RTD"
"81","2024-05-01",18,5,"Line_MA-OD_69KV","I","AP1 AR-OD 69",825.84462,"RTD"
"82","2024-05-01",18,4,"Line_MA-OD_69KV","I","AP1 AR-OD 69",1000,"RTD"
"83","2024-05-01",18,3,"Line_MA-OD_69KV","I","AP1 AR-OD 69",900.025,"RTD"
"84","2024-05-01",18,2,"Line_MA-OD_69KV","I","AP1 AR-OD 69",911.78346,"RTD"
"85","2024-05-01",18,1,"Line_MA-OD_69KV","I","AP1 AR-OD 69",1013.97869,"RTD"
"86","2024-05-01",18,6,"Line_MA-OD_69KV","I","AP1 AR-OD 69",593.2624,"RTD"
"87","2024-05-01",9,11,"MALIN500_ISL","E","Base Case",-10.457,"RTD"
"88","2024-05-01",23,3,"MALIN500_ISL","E","Base Case",-0.0024,"RTD"
"89","2024-05-01",10,2,"MALIN500_ISL","E","Base Case",-12.75284,"RTD"
"90","2024-05-01",10,3,"MALIN500_ISL","E","Base Case",-9.62065,"RTD"
"91","2024-05-01",10,4,"MALIN500_ISL","E","Base Case",-20.70496,"RTD"
"92","2024-05-01",10,5,"MALIN500_ISL","E","Base Case",-12.82002,"RTD"
"93","2024-05-01",10,6,"MALIN500_ISL","E","Base Case",-20.14498,"RTD"
"94","2024-05-01",10,7,"MALIN500_ISL","E","Base Case",-20.36531,"RTD"
"95","2024-05-01",10,8,"MALIN500_ISL","E","Base Case",-20.19269,"RTD"
"96","2024-05-01",10,9,"MALIN500_ISL","E","Base Case",-22.5997,"RTD"
"97","2024-05-01",10,10,"MALIN500_ISL","E","Base Case",-22.56045,"RTD"
"98","2024-05-01",10,11,"MALIN500_ISL","E","Base Case",-20.52071,"RTD"
"99","2024-05-01",12,1,"MALIN500_ISL","E","Base Case",-23.10817,"RTD"
"100","2024-05-01",12,2,"MALIN500_ISL","E","Base Case",-22.31847,"RTD"
"101","2024-05-01",12,3,"MALIN500_ISL","E","Base Case",-22.83223,"RTD"
"102","2024-05-01",12,4,"MALIN500_ISL","E","Base Case",-22.19541,"RTD"
"103","2024-05-01",12,5,"MALIN500_ISL","E","Base Case",-22.2871,"RTD"
"104","2024-05-01",12,6,"MALIN500_ISL","E","Base Case",-24.15207,"RTD"
"105","2024-05-01",12,7,"MALIN500_ISL","E","Base Case",-21.54318,"RTD"
"106","2024-05-01",12,8,"MALIN500_ISL","E","Base Case",-21.86704,"RTD"
"107","2024-05-01",12,9,"MALIN500_ISL","E","Base Case",-21.12944,"RTD"
"108","2024-05-01",12,10,"MALIN500_ISL","E","Base Case",-24.22598,"RTD"
"109","2024-05-01",12,11,"MALIN500_ISL","E","Base Case",-23.87891,"RTD"
"110","2024-05-01",12,12,"MALIN500_ISL","E","Base Case",-25.22237,"RTD"
"111","2024-05-01",13,1,"MALIN500_ISL","E","Base Case",-27.37681,"RTD"
"112","2024-05-01",13,2,"MALIN500_ISL","E","Base Case",-26.36128,"RTD"
"113","2024-05-01",13,3,"MALIN500_ISL","E","Base Case",-26.04779,"RTD"
"114","2024-05-01",13,4,"MALIN500_ISL","E","Base Case",-25.26368,"RTD"
"115","2024-05-01",13,5,"MALIN500_ISL","E","Base Case",-24.6257,"RTD"
"116","2024-05-01",13,6,"MALIN500_ISL","E","Base Case",-21.07398,"RTD"
"117","2024-05-01",13,7,"MALIN500_ISL","E","Base Case",-21.68833,"RTD"
"118","2024-05-01",13,8,"MALIN500_ISL","E","Base Case",-17.95958,"RTD"
"119","2024-05-01",13,9,"MALIN500_ISL","E","Base Case",-21.01623,"RTD"
"120","2024-05-01",13,10,"MALIN500_ISL","E","Base Case",-20.97366,"RTD"
"121","2024-05-01",13,11,"MALIN500_ISL","E","Base Case",-18.25407,"RTD"
"122","2024-05-01",13,12,"MALIN500_ISL","E","Base Case",-17.31744,"RTD"
"123","2024-05-01",14,1,"MALIN500_ISL","E","Base Case",-22.66182,"RTD"
"124","2024-05-01",14,2,"MALIN500_ISL","E","Base Case",-23.46468,"RTD"
"125","2024-05-01",14,3,"MALIN500_ISL","E","Base Case",-23.67381,"RTD"
"126","2024-05-01",14,4,"MALIN500_ISL","E","Base Case",-22.25588,"RTD"
"127","2024-05-01",14,5,"MALIN500_ISL","E","Base Case",-23.0303,"RTD"
"128","2024-05-01",14,6,"MALIN500_ISL","E","Base Case",-22.25588,"RTD"
"129","2024-05-01",14,7,"MALIN500_ISL","E","Base Case",-19.10932,"RTD"
"130","2024-05-01",14,8,"MALIN500_ISL","E","Base Case",-19.50917,"RTD"
"131","2024-05-01",14,9,"MALIN500_ISL","E","Base Case",-19.30358,"RTD"
"132","2024-05-01",14,10,"MALIN500_ISL","E","Base Case",-21.98962,"RTD"
"133","2024-05-01",14,11,"MALIN500_ISL","E","Base Case",-18.20345,"RTD"
"134","2024-05-01",14,12,"MALIN500_ISL","E","Base Case",-20.3646,"RTD"
"135","2024-05-01",15,11,"MALIN500_ISL","E","Base Case",-15.28047,"RTD"
"136","2024-05-01",9,12,"MALIN500_ISL","E","Base Case",-10.46277,"RTD"
"137","2024-05-01",15,7,"ME-JF 138","I","VE1 VEAVST-PAHRUM 138",54.06738,"RTD"
"138","2024-05-01",15,8,"ME-JF 138","I","VE1 VEAVST-PAHRUM 138",52.45702,"RTD"
"139","2024-05-01",15,9,"ME-JF 138","I","VE1 VEAVST-PAHRUM 138",49.65007,"RTD"
"140","2024-05-01",15,10,"ME-JF 138","I","VE1 VEAVST-PAHRUM 138",54.8706,"RTD"
"141","2024-05-01",15,11,"ME-JF 138","I","VE1 VEAVST-PAHRUM 138",56.52476,"RTD"
"142","2024-05-01",15,12,"ME-JF 138","I","VE1 VEAVST-PAHRUM 138",55.89466,"RTD"
"143","2024-05-01",16,1,"ME-JF 138","I","VE1 VEAVST-PAHRUM 138",55.76688,"RTD"
"144","2024-05-01",16,2,"ME-JF 138","I","VE1 VEAVST-PAHRUM 138",55.62306,"RTD"
"145","2024-05-01",16,3,"ME-JF 138","I","VE1 VEAVST-PAHRUM 138",54.93595,"RTD"
"146","2024-05-01",16,4,"ME-JF 138","I","VE1 VEAVST-PAHRUM 138",54.46041,"RTD"
"147","2024-05-01",16,5,"ME-JF 138","I","VE1 VEAVST-PAHRUM 138",54.11278,"RTD"
"148","2024-05-01",16,6,"ME-JF 138","I","VE1 VEAVST-PAHRUM 138",54.86391,"RTD"
"149","2024-05-01",16,7,"ME-JF 138","I","VE1 VEAVST-PAHRUM 138",52.95153,"RTD"
"150","2024-05-01",16,8,"ME-JF 138","I","VE1 VEAVST-PAHRUM 138",54.8929,"RTD"
"151","2024-05-01",16,9,"ME-JF 138","I","VE1 VEAVST-PAHRUM 138",54.26087,"RTD"
"152","2024-05-01",16,10,"ME-JF 138","I","VE1 VEAVST-PAHRUM 138",54.70088,"RTD"
"153","2024-05-01",16,11,"ME-JF 138","I","VE1 VEAVST-PAHRUM 138",54.70088,"RTD"
"154","2024-05-01",16,12,"ME-JF 138","I","VE1 VEAVST-PAHRUM 138",52.92249,"RTD"
"155","2024-05-01",17,1,"ME-JF 138","I","VE1 VEAVST-PAHRUM 138",39.33389,"RTD"
"156","2024-05-01",17,2,"ME-JF 138","I","VE1 VEAVST-PAHRUM 138",35.65604,"RTD"
"157","2024-05-01",17,3,"ME-JF 138","I","VE1 VEAVST-PAHRUM 138",34.931,"RTD"
"158","2024-05-01",17,4,"ME-JF 138","I","VE1 VEAVST-PAHRUM 138",34.52898,"RTD"
"159","2024-05-01",17,5,"ME-JF 138","I","VE1 VEAVST-PAHRUM 138",34.39698,"RTD"
"160","2024-05-01",17,6,"ME-JF 138","I","VE1 VEAVST-PAHRUM 138",34.52108,"RTD"
"161","2024-05-01",17,9,"ME-JF 138","I","VE1 VEAVST-PAHRUM 138",47.5686,"RTD"
"162","2024-05-01",18,1,"ME-JF 138","I","VE1 VEAVST-PAHRUM 138",37.08886,"RTD"
"163","2024-05-01",18,2,"ME-JF 138","I","VE1 VEAVST-PAHRUM 138",39.58521,"RTD"
"164","2024-05-01",18,3,"ME-JF 138","I","VE1 VEAVST-PAHRUM 138",39.87244,"RTD"
"165","2024-05-01",9,12,"ME-JF 138","I","VE1 VEAVST-PAHRUM 138",59.08086,"RTD"
"166","2024-05-01",10,1,"ME-JF 138","I","VE1 VEAVST-PAHRUM 138",59.22954,"RTD"
"167","2024-05-01",10,2,"ME-JF 138","I","VE1 VEAVST-PAHRUM 138",59.23961,"RTD"
"168","2024-05-01",10,3,"ME-JF 138","I","VE1 VEAVST-PAHRUM 138",59.26463,"RTD"
"169","2024-05-01",10,4,"ME-JF 138","I","VE1 VEAVST-PAHRUM 138",59.03033,"RTD"
"170","2024-05-01",10,5,"ME-JF 138","I","VE1 VEAVST-PAHRUM 138",59.27446,"RTD"
"171","2024-05-01",10,6,"ME-JF 138","I","VE1 VEAVST-PAHRUM 138",58.66629,"RTD"
"172","2024-05-01",10,10,"ME-JF 138","I","VE1 VEAVST-PAHRUM 138",58.87717,"RTD"
"173","2024-05-01",10,11,"ME-JF 138","I","VE1 VEAVST-PAHRUM 138",58.92247,"RTD"
"174","2024-05-01",10,12,"ME-JF 138","I","VE1 VEAVST-PAHRUM 138",58.92692,"RTD"
"175","2024-05-01",11,1,"ME-JF 138","I","VE1 VEAVST-PAHRUM 138",58.91225,"RTD"
"176","2024-05-01",11,2,"ME-JF 138","I","VE1 VEAVST-PAHRUM 138",59.00732,"RTD"
"177","2024-05-01",11,3,"ME-JF 138","I","VE1 VEAVST-PAHRUM 138",58.85874,"RTD"
"178","2024-05-01",11,4,"ME-JF 138","I","VE1 VEAVST-PAHRUM 138",58.84372,"RTD"
"179","2024-05-01",11,5,"ME-JF 138","I","VE1 VEAVST-PAHRUM 138",58.79763,"RTD"
"180","2024-05-01",11,6,"ME-JF 138","I","VE1 VEAVST-PAHRUM 138",58.57843,"RTD"
"181","2024-05-01",11,7,"ME-JF 138","I","VE1 VEAVST-PAHRUM 138",58.96084,"RTD"
"182","2024-05-01",11,8,"ME-JF 138","I","VE1 VEAVST-PAHRUM 138",59.12302,"RTD"
"183","2024-05-01",11,9,"ME-JF 138","I","VE1 VEAVST-PAHRUM 138",58.9656,"RTD"
"184","2024-05-01",11,10,"ME-JF 138","I","VE1 VEAVST-PAHRUM 138",58.88658,"RTD"
"185","2024-05-01",11,11,"ME-JF 138","I","VE1 VEAVST-PAHRUM 138",58.88658,"RTD"
"186","2024-05-01",11,12,"ME-JF 138","I","VE1 VEAVST-PAHRUM 138",58.29261,"RTD"
"187","2024-05-01",12,1,"ME-JF 138","I","VE1 VEAVST-PAHRUM 138",59.0233,"RTD"
"188","2024-05-01",12,2,"ME-JF 138","I","VE1 VEAVST-PAHRUM 138",59.01125,"RTD"
"189","2024-05-01",12,3,"ME-JF 138","I","VE1 VEAVST-PAHRUM 138",59.00178,"RTD"
"190","2024-05-01",12,4,"ME-JF 138","I","VE1 VEAVST-PAHRUM 138",59.1823,"RTD"
"191","2024-05-01",12,5,"ME-JF 138","I","VE1 VEAVST-PAHRUM 138",59.10118,"RTD"
"192","2024-05-01",12,6,"ME-JF 138","I","VE1 VEAVST-PAHRUM 138",56.88419,"RTD"
"193","2024-05-01",12,7,"ME-JF 138","I","VE1 VEAVST-PAHRUM 138",58.9804,"RTD"
"194","2024-05-01",12,8,"ME-JF 138","I","VE1 VEAVST-PAHRUM 138",58.53048,"RTD"
"195","2024-05-01",12,9,"ME-JF 138","I","VE1 VEAVST-PAHRUM 138",58.48049,"RTD"
"196","2024-05-01",12,10,"ME-JF 138","I","VE1 VEAVST-PAHRUM 138",55.61989,"RTD"
"197","2024-05-01",12,11,"ME-JF 138","I","VE1 VEAVST-PAHRUM 138",55.64853,"RTD"
"198","2024-05-01",12,12,"ME-JF 138","I","VE1 VEAVST-PAHRUM 138",54.7332,"RTD"
"199","2024-05-01",13,1,"ME-JF 138","I","VE1 VEAVST-PAHRUM 138",54.65243,"RTD"
"200","2024-05-01",13,2,"ME-JF 138","I","VE1 VEAVST-PAHRUM 138",55.55422,"RTD"
"201","2024-05-01",13,3,"ME-JF 138","I","VE1 VEAVST-PAHRUM 138",55.70882,"RTD"
"202","2024-05-01",13,4,"ME-JF 138","I","VE1 VEAVST-PAHRUM 138",55.90957,"RTD"
"203","2024-05-01",13,5,"ME-JF 138","I","VE1 VEAVST-PAHRUM 138",56.47361,"RTD"
"204","2024-05-01",13,6,"ME-JF 138","I","VE1 VEAVST-PAHRUM 138",55.84011,"RTD"
"205","2024-05-01",13,7,"ME-JF 138","I","VE1 VEAVST-PAHRUM 138",58.18169,"RTD"
"206","2024-05-01",13,8,"ME-JF 138","I","VE1 VEAVST-PAHRUM 138",58.59632,"RTD"
"207","2024-05-01",13,9,"ME-JF 138","I","VE1 VEAVST-PAHRUM 138",55.89683,"RTD"
"208","2024-05-01",13,10,"ME-JF 138","I","VE1 VEAVST-PAHRUM 138",55.90222,"RTD"
"209","2024-05-01",13,11,"ME-JF 138","I","VE1 VEAVST-PAHRUM 138",58.31015,"RTD"
"210","2024-05-01",13,12,"ME-JF 138","I","VE1 VEAVST-PAHRUM 138",56.45372,"RTD"
"211","2024-05-01",14,1,"ME-JF 138","I","VE1 VEAVST-PAHRUM 138",55.86709,"RTD"
"212","2024-05-01",14,2,"ME-JF 138","I","VE1 VEAVST-PAHRUM 138",55.22962,"RTD"
"213","2024-05-01",14,3,"ME-JF 138","I","VE1 VEAVST-PAHRUM 138",54.77886,"RTD"
"214","2024-05-01",14,4,"ME-JF 138","I","VE1 VEAVST-PAHRUM 138",54.75029,"RTD"
"215","2024-05-01",14,5,"ME-JF 138","I","VE1 VEAVST-PAHRUM 138",54.06482,"RTD"
"216","2024-05-01",14,6,"ME-JF 138","I","VE1 VEAVST-PAHRUM 138",54.75029,"RTD"
"217","2024-05-01",14,7,"ME-JF 138","I","VE1 VEAVST-PAHRUM 138",54.88915,"RTD"
"218","2024-05-01",14,8,"ME-JF 138","I","VE1 VEAVST-PAHRUM 138",54.5356,"RTD"
"219","2024-05-01",14,9,"ME-JF 138","I","VE1 VEAVST-PAHRUM 138",54.71738,"RTD"
"220","2024-05-01",14,10,"ME-JF 138","I","VE1 VEAVST-PAHRUM 138",52.31007,"RTD"
"221","2024-05-01",14,11,"ME-JF 138","I","VE1 VEAVST-PAHRUM 138",54.78662,"RTD"
"222","2024-05-01",14,12,"ME-JF 138","I","VE1 VEAVST-PAHRUM 138",53.74951,"RTD"
"223","2024-05-01",15,1,"ME-JF 138","I","VE1 VEAVST-PAHRUM 138",54.19069,"RTD"
"224","2024-05-01",15,2,"ME-JF 138","I","VE1 VEAVST-PAHRUM 138",54.91127,"RTD"
"225","2024-05-01",15,3,"ME-JF 138","I","VE1 VEAVST-PAHRUM 138",54.91127,"RTD"
"226","2024-05-01",15,4,"ME-JF 138","I","VE1 VEAVST-PAHRUM 138",54.04495,"RTD"
"227","2024-05-01",15,5,"ME-JF 138","I","VE1 VEAVST-PAHRUM 138",54.69634,"RTD"
"228","2024-05-01",15,6,"ME-JF 138","I","VE1 VEAVST-PAHRUM 138",53.35245,"RTD"
"229","2024-05-01",8,10,"ME-JF 138","I","VE1 VEAVST-PAHRUM 138",61.86743,"RTD"
"230","2024-05-01",8,11,"ME-JF 138","I","VE1 VEAVST-PAHRUM 138",59.54549,"RTD"
"231","2024-05-01",8,12,"ME-JF 138","I","VE1 VEAVST-PAHRUM 138",59.08987,"RTD"
"232","2024-05-01",9,1,"ME-JF 138","I","VE1 VEAVST-PAHRUM 138",70.06295,"RTD"
"233","2024-05-01",9,2,"ME-JF 138","I","VE1 VEAVST-PAHRUM 138",70.17143,"RTD"
"234","2024-05-01",9,3,"ME-JF 138","I","VE1 VEAVST-PAHRUM 138",70.08967,"RTD"
"235","2024-05-01",9,4,"ME-JF 138","I","VE1 VEAVST-PAHRUM 138",68.08146,"RTD"
"236","2024-05-01",9,5,"ME-JF 138","I","VE1 VEAVST-PAHRUM 138",69.63339,"RTD"
"237","2024-05-01",9,6,"ME-JF 138","I","VE1 VEAVST-PAHRUM 138",69.22007,"RTD"
"238","2024-05-01",9,7,"ME-JF 138","I","VE1 VEAVST-PAHRUM 138",64.36698,"RTD"
"239","2024-05-01",9,8,"ME-JF 138","I","VE1 VEAVST-PAHRUM 138",60.7745,"RTD"
"240","2024-05-01",9,9,"ME-JF 138","I","VE1 VEAVST-PAHRUM 138",59.65026,"RTD"
"241","2024-05-01",9,10,"ME-JF 138","I","VE1 VEAVST-PAHRUM 138",59.12278,"RTD"
"242","2024-05-01",9,11,"ME-JF 138","I","VE1 VEAVST-PAHRUM 138",59.12238,"RTD"
"243","2024-05-01",8,1,"NWMT_AMPS_EAST","I","Base Case",-0.99867,"RTD"
"244","2024-05-01",22,1,"NWMT_AMPS_EAST","I","Base Case",-0.0012,"RTD"
"245","2024-05-01",8,3,"NWMT_AMPS_EAST","I","Base Case",-12.19211,"RTD"
"246","2024-05-01",8,4,"NWMT_AMPS_EAST","I","Base Case",-18.51173,"RTD"
"247","2024-05-01",8,5,"NWMT_AMPS_EAST","I","Base Case",-16.2638,"RTD"
"248","2024-05-01",8,6,"NWMT_AMPS_EAST","I","Base Case",-18.25548,"RTD"
"249","2024-05-01",8,7,"NWMT_AMPS_EAST","I","Base Case",-23.65584,"RTD"
"250","2024-05-01",8,8,"NWMT_AMPS_EAST","I","Base Case",-23.73735,"RTD"
"251","2024-05-01",8,9,"NWMT_AMPS_EAST","I","Base Case",-28.72625,"RTD"
"252","2024-05-01",8,10,"NWMT_AMPS_EAST","I","Base Case",-36.03809,"RTD"
"253","2024-05-01",8,11,"NWMT_AMPS_EAST","I","Base Case",-36.10442,"RTD"
"254","2024-05-01",8,12,"NWMT_AMPS_EAST","I","Base Case",-36.28478,"RTD"
"255","2024-05-01",9,1,"NWMT_AMPS_EAST","I","Base Case",-26.27165,"RTD"
"256","2024-05-01",9,2,"NWMT_AMPS_EAST","I","Base Case",-20.25271,"RTD"
"257","2024-05-01",9,3,"NWMT_AMPS_EAST","I","Base Case",-26.10618,"RTD"
"258","2024-05-01",9,4,"NWMT_AMPS_EAST","I","Base Case",-29.9553,"RTD"
"259","2024-05-01",9,5,"NWMT_AMPS_EAST","I","Base Case",-29.91194,"RTD"
"260","2024-05-01",9,6,"NWMT_AMPS_EAST","I","Base Case",-29.99775,"RTD"
"261","2024-05-01",9,7,"NWMT_AMPS_EAST","I","Base Case",-20.36779,"RTD"
"262","2024-05-01",9,8,"NWMT_AMPS_EAST","I","Base Case",-18.36726,"RTD"
"263","2024-05-01",9,9,"NWMT_AMPS_EAST","I","Base Case",-22.4137,"RTD"
"264","2024-05-01",9,10,"NWMT_AMPS_EAST","I","Base Case",-23.86603,"RTD"
"265","2024-05-01",9,11,"NWMT_AMPS_EAST","I","Base Case",-25.63508,"RTD"
"266","2024-05-01",9,12,"NWMT_AMPS_EAST","I","Base Case",-25.64261,"RTD"
"267","2024-05-01",17,1,"NWMT_AMPS_EAST","I","Base Case",-28.54216,"RTD"
"268","2024-05-01",17,2,"NWMT_AMPS_EAST","I","Base Case",-33.5713,"RTD"
"269","2024-05-01",17,3,"NWMT_AMPS_EAST","I","Base Case",-28.01612,"RTD"
"270","2024-05-01",17,4,"NWMT_AMPS_EAST","I","Base Case",-48.04731,"RTD"
"271","2024-05-01",17,5,"NWMT_AMPS_EAST","I","Base Case",-55.22347,"RTD"
"272","2024-05-01",17,6,"NWMT_AMPS_EAST","I","Base Case",-69.92599,"RTD"
"273","2024-05-01",17,7,"NWMT_AMPS_EAST","I","Base Case",-52.88511,"RTD"
"274","2024-05-01",17,8,"NWMT_AMPS_EAST","I","Base Case",-28.50847,"RTD"
"275","2024-05-01",17,9,"NWMT_AMPS_EAST","I","Base Case",-24.15675,"RTD"
"276","2024-05-01",17,10,"NWMT_AMPS_EAST","I","Base Case",-26.7488,"RTD"
"277","2024-05-01",17,11,"NWMT_AMPS_EAST","I","Base Case",-41.8468,"RTD"
"278","2024-05-01",17,12,"NWMT_AMPS_EAST","I","Base Case",-66.43791,"RTD"
"279","2024-05-01",18,1,"NWMT_AMPS_EAST","I","Base Case",-81.48327,"RTD"
"280","2024-05-01",18,2,"NWMT_AMPS_EAST","I","Base Case",-65.25292,"RTD"
"281","2024-05-01",18,3,"NWMT_AMPS_EAST","I","Base Case",-65.02202,"RTD"
"282","2024-05-01",18,4,"NWMT_AMPS_EAST","I","Base Case",-63.54248,"RTD"
"283","2024-05-01",18,5,"NWMT_AMPS_EAST","I","Base Case",-53.44848,"RTD"
"284","2024-05-01",18,6,"NWMT_AMPS_EAST","I","Base Case",-47.14734,"RTD"
"285","2024-05-01",18,7,"NWMT_AMPS_EAST","I","Base Case",-33.10445,"RTD"
"286","2024-05-01",18,8,"NWMT_AMPS_EAST","I","Base Case",-30.8075,"RTD"
"287","2024-05-01",18,9,"NWMT_AMPS_EAST","I","Base Case",-24.6337,"RTD"
"288","2024-05-01",18,10,"NWMT_AMPS_EAST","I","Base Case",-25.97254,"RTD"
"289","2024-05-01",18,11,"NWMT_AMPS_EAST","I","Base Case",-19.65263,"RTD"
"290","2024-05-01",18,12,"NWMT_AMPS_EAST","I","Base Case",-20.51159,"RTD"
"291","2024-05-01",21,12,"NWMT_AMPS_EAST","I","Base Case",-0.0012,"RTD"
"292","2024-05-01",8,2,"NWMT_AMPS_EAST","I","Base Case",-6.4475,"RTD"
"293","2024-05-01",17,8,"PACE_FOURCORNE345_ITC","E","Base Case",-4e-04,"RTD"
"294","2024-05-01",17,9,"PACE_FOURCORNE345_ITC","E","Base Case",-4e-04,"RTD"
"295","2024-05-01",4,3,"PACE_PATHC_ITC","I","Base Case",-0.0012,"RTD"
"296","2024-05-01",4,4,"PACE_PATHC_ITC","I","Base Case",-0.0012,"RTD"
"297","2024-05-01",4,5,"PACE_PATHC_ITC","I","Base Case",-0.0012,"RTD"
"298","2024-05-01",4,6,"PACE_PATHC_ITC","I","Base Case",-0.0012,"RTD"
"299","2024-05-01",4,7,"PACE_PATHC_ITC","I","Base Case",-0.0012,"RTD"
"300","2024-05-01",4,8,"PACE_PATHC_ITC","I","Base Case",-0.0012,"RTD"
"301","2024-05-01",4,9,"PACE_PATHC_ITC","I","Base Case",-0.0012,"RTD"
"302","2024-05-01",4,2,"PACE_PATHC_ITC","I","Base Case",-0.0012,"RTD"
"303","2024-05-01",4,1,"PACE_PATHC_ITC","I","Base Case",-0.0012,"RTD"
"304","2024-05-01",4,12,"PACE_PATHC_ITC","I","Base Case",-0.0012,"RTD"
"305","2024-05-01",5,1,"PACE_PATHC_ITC","I","Base Case",-0.0012,"RTD"
"306","2024-05-01",5,2,"PACE_PATHC_ITC","I","Base Case",-0.0012,"RTD"
"307","2024-05-01",5,3,"PACE_PATHC_ITC","I","Base Case",-0.0012,"RTD"
"308","2024-05-01",5,4,"PACE_PATHC_ITC","I","Base Case",-0.0012,"RTD"
"309","2024-05-01",5,5,"PACE_PATHC_ITC","I","Base Case",-0.0012,"RTD"
"310","2024-05-01",5,6,"PACE_PATHC_ITC","I","Base Case",-0.0012,"RTD"
"311","2024-05-01",5,7,"PACE_PATHC_ITC","I","Base Case",-0.0012,"RTD"
"312","2024-05-01",5,8,"PACE_PATHC_ITC","I","Base Case",-0.0012,"RTD"
"313","2024-05-01",5,9,"PACE_PATHC_ITC","I","Base Case",-0.0012,"RTD"
"314","2024-05-01",5,10,"PACE_PATHC_ITC","I","Base Case",-0.0012,"RTD"
"315","2024-05-01",8,1,"PALOVRDE_ITC","I","Base Case",-0.0012,"RTD"
"316","2024-05-01",12,8,"PARKER_ITC","E","Base Case",-4e-04,"RTD"
"317","2024-05-01",12,9,"PARKER_ITC","E","Base Case",-4e-04,"RTD"
"318","2024-05-01",12,10,"PARKER_ITC","E","Base Case",-4e-04,"RTD"
"319","2024-05-01",12,11,"PARKER_ITC","E","Base Case",-4e-04,"RTD"
"320","2024-05-01",12,12,"PARKER_ITC","E","Base Case",-4e-04,"RTD"
"321","2024-05-01",13,1,"PARKER_ITC","E","Base Case",-0.0012,"RTD"
"322","2024-05-01",13,2,"PARKER_ITC","E","Base Case",-0.0012,"RTD"
"323","2024-05-01",13,3,"PARKER_ITC","E","Base Case",-0.0012,"RTD"
"324","2024-05-01",13,4,"PARKER_ITC","E","Base Case",-0.0012,"RTD"
"325","2024-05-01",13,5,"PARKER_ITC","E","Base Case",-0.0012,"RTD"
"326","2024-05-01",13,6,"PARKER_ITC","E","Base Case",-4e-04,"RTD"
"327","2024-05-01",13,7,"PARKER_ITC","E","Base Case",-4e-04,"RTD"
"328","2024-05-01",13,8,"PARKER_ITC","E","Base Case",-0.0012,"RTD"
"329","2024-05-01",13,9,"PARKER_ITC","E","Base Case",-4e-04,"RTD"
"330","2024-05-01",13,10,"PARKER_ITC","E","Base Case",-4e-04,"RTD"
"331","2024-05-01",13,11,"PARKER_ITC","E","Base Case",-0.0012,"RTD"
"332","2024-05-01",13,12,"PARKER_ITC","E","Base Case",-4e-04,"RTD"
"333","2024-05-01",14,1,"PARKER_ITC","E","Base Case",-4e-04,"RTD"
"334","2024-05-01",14,2,"PARKER_ITC","E","Base Case",-4e-04,"RTD"
"335","2024-05-01",14,3,"PARKER_ITC","E","Base Case",-4e-04,"RTD"
"336","2024-05-01",14,4,"PARKER_ITC","E","Base Case",-4e-04,"RTD"
"337","2024-05-01",18,8,"PARKER_ITC","E","Base Case",-4e-04,"RTD"
"338","2024-05-01",18,9,"PARKER_ITC","E","Base Case",-4e-04,"RTD"
"339","2024-05-01",18,10,"PARKER_ITC","E","Base Case",-4e-04,"RTD"
"340","2024-05-01",18,11,"PARKER_ITC","E","Base Case",-4e-04,"RTD"
"341","2024-05-01",9,1,"PARKER_ITC","E","Base Case",-4e-04,"RTD"
"342","2024-05-01",9,4,"PARKER_ITC","E","Base Case",-4e-04,"RTD"
"343","2024-05-01",9,5,"PARKER_ITC","E","Base Case",-4e-04,"RTD"
"344","2024-05-01",9,6,"PARKER_ITC","E","Base Case",-4e-04,"RTD"
"345","2024-05-01",9,7,"PARKER_ITC","E","Base Case",-4e-04,"RTD"
"346","2024-05-01",9,8,"PARKER_ITC","E","Base Case",-4e-04,"RTD"
"347","2024-05-01",9,9,"PARKER_ITC","E","Base Case",-4e-04,"RTD"
"348","2024-05-01",9,10,"PARKER_ITC","E","Base Case",-4e-04,"RTD"
"349","2024-05-01",9,11,"PARKER_ITC","E","Base Case",-4e-04,"RTD"
"350","2024-05-01",9,12,"PARKER_ITC","E","Base Case",-4e-04,"RTD"
"351","2024-05-01",10,1,"PARKER_ITC","E","Base Case",-4e-04,"RTD"
"352","2024-05-01",10,2,"PARKER_ITC","E","Base Case",-4e-04,"RTD"
"353","2024-05-01",10,3,"PARKER_ITC","E","Base Case",-0.0012,"RTD"
"354","2024-05-01",10,4,"PARKER_ITC","E","Base Case",-0.0012,"RTD"
"355","2024-05-01",10,5,"PARKER_ITC","E","Base Case",-0.0012,"RTD"
"356","2024-05-01",10,6,"PARKER_ITC","E","Base Case",-0.0012,"RTD"
"357","2024-05-01",10,7,"PARKER_ITC","E","Base Case",-0.0012,"RTD"
"358","2024-05-01",10,8,"PARKER_ITC","E","Base Case",-0.0012,"RTD"
"359","2024-05-01",10,9,"PARKER_ITC","E","Base Case",-0.0012,"RTD"
"360","2024-05-01",10,10,"PARKER_ITC","E","Base Case",-0.0012,"RTD"
"361","2024-05-01",10,11,"PARKER_ITC","E","Base Case",-4e-04,"RTD"
"362","2024-05-01",10,12,"PARKER_ITC","E","Base Case",-4e-04,"RTD"
"363","2024-05-01",11,1,"PARKER_ITC","E","Base Case",-4e-04,"RTD"
"364","2024-05-01",11,2,"PARKER_ITC","E","Base Case",-4e-04,"RTD"
"365","2024-05-01",11,3,"PARKER_ITC","E","Base Case",-4e-04,"RTD"
"366","2024-05-01",11,4,"PARKER_ITC","E","Base Case",-4e-04,"RTD"
"367","2024-05-01",11,5,"PARKER_ITC","E","Base Case",-4e-04,"RTD"
"368","2024-05-01",11,6,"PARKER_ITC","E","Base Case",-4e-04,"RTD"
"369","2024-05-01",11,7,"PARKER_ITC","E","Base Case",-4e-04,"RTD"
"370","2024-05-01",11,8,"PARKER_ITC","E","Base Case",-4e-04,"RTD"
"371","2024-05-01",11,9,"PARKER_ITC","E","Base Case",-4e-04,"RTD"
"372","2024-05-01",11,10,"PARKER_ITC","E","Base Case",-0.0012,"RTD"
"373","2024-05-01",11,11,"PARKER_ITC","E","Base Case",-0.0012,"RTD"
"374","2024-05-01",11,12,"PARKER_ITC","E","Base Case",-0.0012,"RTD"
"375","2024-05-01",12,1,"PARKER_ITC","E","Base Case",-4e-04,"RTD"
"376","2024-05-01",12,2,"PARKER_ITC","E","Base Case",-4e-04,"RTD"
"377","2024-05-01",12,3,"PARKER_ITC","E","Base Case",-0.0012,"RTD"
"378","2024-05-01",12,4,"PARKER_ITC","E","Base Case",-0.0012,"RTD"
"379","2024-05-01",12,5,"PARKER_ITC","E","Base Case",-4e-04,"RTD"
"380","2024-05-01",12,6,"PARKER_ITC","E","Base Case",-4e-04,"RTD"
"381","2024-05-01",12,7,"PARKER_ITC","E","Base Case",-4e-04,"RTD"
"382","2024-05-01",7,2,"SRP_SYSTEM_ITC","E","Base Case",-15.31423,"RTD"
"383","2024-05-01",17,8,"SRP_SYSTEM_ITC","I","Base Case",-27.36927,"RTD"
"384","2024-05-01",7,4,"SRP_SYSTEM_ITC","E","Base Case",-17.64908,"RTD"
"385","2024-05-01",7,5,"SRP_SYSTEM_ITC","E","Base Case",-16.70073,"RTD"
"386","2024-05-01",7,6,"SRP_SYSTEM_ITC","E","Base Case",-14.91629,"RTD"
"387","2024-05-01",15,7,"SRP_SYSTEM_ITC","I","Base Case",-27.16257,"RTD"
"388","2024-05-01",15,8,"SRP_SYSTEM_ITC","I","Base Case",-28.96217,"RTD"
"389","2024-05-01",15,9,"SRP_SYSTEM_ITC","I","Base Case",-53.63253,"RTD"
"390","2024-05-01",15,10,"SRP_SYSTEM_ITC","I","Base Case",-47.78573,"RTD"
"391","2024-05-01",15,11,"SRP_SYSTEM_ITC","I","Base Case",-24.47835,"RTD"
"392","2024-05-01",15,12,"SRP_SYSTEM_ITC","I","Base Case",-25.20237,"RTD"
"393","2024-05-01",16,1,"SRP_SYSTEM_ITC","I","Base Case",-25.39926,"RTD"
"394","2024-05-01",16,2,"SRP_SYSTEM_ITC","I","Base Case",-25.5627,"RTD"
"395","2024-05-01",16,3,"SRP_SYSTEM_ITC","I","Base Case",-26.34351,"RTD"
"396","2024-05-01",16,4,"SRP_SYSTEM_ITC","I","Base Case",-26.43478,"RTD"
"397","2024-05-01",16,5,"SRP_SYSTEM_ITC","I","Base Case",-26.68406,"RTD"
"398","2024-05-01",16,6,"SRP_SYSTEM_ITC","I","Base Case",-25.97694,"RTD"
"399","2024-05-01",16,7,"SRP_SYSTEM_ITC","I","Base Case",-28.18868,"RTD"
"400","2024-05-01",16,8,"SRP_SYSTEM_ITC","I","Base Case",-26.30986,"RTD"
"401","2024-05-01",16,9,"SRP_SYSTEM_ITC","I","Base Case",-26.69978,"RTD"
"402","2024-05-01",16,10,"SRP_SYSTEM_ITC","I","Base Case",-26.46546,"RTD"
"403","2024-05-01",16,11,"SRP_SYSTEM_ITC","I","Base Case",-26.30988,"RTD"
"404","2024-05-01",16,12,"SRP_SYSTEM_ITC","I","Base Case",-28.18258,"RTD"
"405","2024-05-01",17,7,"SRP_SYSTEM_ITC","I","Base Case",-46.6993,"RTD"
"406","2024-05-01",7,3,"SRP_SYSTEM_ITC","E","Base Case",-21.48202,"RTD"
"407","2024-05-01",14,7,"TEPC_BA_IMP_ITC","I","Base Case",-20.22171,"RTD"
"408","2024-05-01",19,3,"TEPC_BA_IMP_ITC","I","Base Case",-5.18395,"RTD"
"409","2024-05-01",14,9,"TEPC_BA_IMP_ITC","I","Base Case",-17.95428,"RTD"
"410","2024-05-01",14,10,"TEPC_BA_IMP_ITC","I","Base Case",-21.50141,"RTD"
"411","2024-05-01",14,11,"TEPC_BA_IMP_ITC","I","Base Case",-17.846,"RTD"
"412","2024-05-01",14,12,"TEPC_BA_IMP_ITC","I","Base Case",-19.01681,"RTD"
"413","2024-05-01",15,8,"TEPC_BA_IMP_ITC","I","Base Case",-20.50278,"RTD"
"414","2024-05-01",15,9,"TEPC_BA_IMP_ITC","I","Base Case",-23.67554,"RTD"
"415","2024-05-01",15,10,"TEPC_BA_IMP_ITC","I","Base Case",-17.81202,"RTD"
"416","2024-05-01",15,11,"TEPC_BA_IMP_ITC","I","Base Case",-20.8859,"RTD"
"417","2024-05-01",15,12,"TEPC_BA_IMP_ITC","I","Base Case",-22.01027,"RTD"
"418","2024-05-01",16,1,"TEPC_BA_IMP_ITC","I","Base Case",-16.84768,"RTD"
"419","2024-05-01",16,2,"TEPC_BA_IMP_ITC","I","Base Case",-22.4272,"RTD"
"420","2024-05-01",16,3,"TEPC_BA_IMP_ITC","I","Base Case",-23.27104,"RTD"
"421","2024-05-01",16,4,"TEPC_BA_IMP_ITC","I","Base Case",-23.84648,"RTD"
"422","2024-05-01",16,5,"TEPC_BA_IMP_ITC","I","Base Case",-25.02876,"RTD"
"423","2024-05-01",16,6,"TEPC_BA_IMP_ITC","I","Base Case",-24.17647,"RTD"
"424","2024-05-01",16,7,"TEPC_BA_IMP_ITC","I","Base Case",-26.22885,"RTD"
"425","2024-05-01",16,8,"TEPC_BA_IMP_ITC","I","Base Case",-23.518,"RTD"
"426","2024-05-01",16,9,"TEPC_BA_IMP_ITC","I","Base Case",-24.23671,"RTD"
"427","2024-05-01",16,10,"TEPC_BA_IMP_ITC","I","Base Case",-23.68806,"RTD"
"428","2024-05-01",16,11,"TEPC_BA_IMP_ITC","I","Base Case",-23.68806,"RTD"
"429","2024-05-01",16,12,"TEPC_BA_IMP_ITC","I","Base Case",-1019.37484,"RTD"
"430","2024-05-01",17,1,"TEPC_BA_IMP_ITC","I","Base Case",-1028.41528,"RTD"
"431","2024-05-01",17,2,"TEPC_BA_IMP_ITC","I","Base Case",-1025.88473,"RTD"
"432","2024-05-01",17,3,"TEPC_BA_IMP_ITC","I","Base Case",-1028.61815,"RTD"
"433","2024-05-01",17,4,"TEPC_BA_IMP_ITC","I","Base Case",-70.48885,"RTD"
"434","2024-05-01",17,5,"TEPC_BA_IMP_ITC","I","Base Case",-52.66764,"RTD"
"435","2024-05-01",17,6,"TEPC_BA_IMP_ITC","I","Base Case",-52.60781,"RTD"
"436","2024-05-01",17,7,"TEPC_BA_IMP_ITC","I","Base Case",-45.59098,"RTD"
"437","2024-05-01",17,8,"TEPC_BA_IMP_ITC","I","Base Case",-34.89558,"RTD"
"438","2024-05-01",17,9,"TEPC_BA_IMP_ITC","I","Base Case",-37.1993,"RTD"
"439","2024-05-01",17,10,"TEPC_BA_IMP_ITC","I","Base Case",-33.72603,"RTD"
"440","2024-05-01",17,11,"TEPC_BA_IMP_ITC","I","Base Case",-32.82214,"RTD"
"441","2024-05-01",17,12,"TEPC_BA_IMP_ITC","I","Base Case",-43.12004,"RTD"
"442","2024-05-01",18,1,"TEPC_BA_IMP_ITC","I","Base Case",-43.86482,"RTD"
"443","2024-05-01",18,2,"TEPC_BA_IMP_ITC","I","Base Case",-40.79422,"RTD"
"444","2024-05-01",18,3,"TEPC_BA_IMP_ITC","I","Base Case",-40.46963,"RTD"
"445","2024-05-01",18,4,"TEPC_BA_IMP_ITC","I","Base Case",-39.19851,"RTD"
"446","2024-05-01",18,5,"TEPC_BA_IMP_ITC","I","Base Case",-29.46138,"RTD"
"447","2024-05-01",18,6,"TEPC_BA_IMP_ITC","I","Base Case",-23.05481,"RTD"
"448","2024-05-01",18,7,"TEPC_BA_IMP_ITC","I","Base Case",-17.116,"RTD"
"449","2024-05-01",18,8,"TEPC_BA_IMP_ITC","I","Base Case",-12.53056,"RTD"
"450","2024-05-01",18,9,"TEPC_BA_IMP_ITC","I","Base Case",-7.55192,"RTD"
"451","2024-05-01",18,10,"TEPC_BA_IMP_ITC","I","Base Case",-6.58004,"RTD"
"452","2024-05-01",18,11,"TEPC_BA_IMP_ITC","I","Base Case",-1.59511,"RTD"
"453","2024-05-01",19,2,"TEPC_BA_IMP_ITC","I","Base Case",-5.18395,"RTD"
"454","2024-05-01",14,8,"TEPC_BA_IMP_ITC","I","Base Case",-18.15987,"RTD"
"455","2024-05-01",21,7,"TOTAL_WYOMING_EXPORT","E","Base Case",73.02424,"RTD"
"456","2024-05-01",21,8,"TOTAL_WYOMING_EXPORT","E","Base Case",75.76514,"RTD"
"457","2024-05-01",21,9,"TOTAL_WYOMING_EXPORT","E","Base Case",71.65164,"RTD"
"458","2024-05-01",21,10,"TOTAL_WYOMING_EXPORT","E","Base Case",69.16454,"RTD"
"459","2024-05-01",21,11,"TOTAL_WYOMING_EXPORT","E","Base Case",69.49936,"RTD"
"460","2024-05-01",21,12,"TOTAL_WYOMING_EXPORT","E","Base Case",73.57272,"RTD"
"461","2024-05-01",22,1,"TOTAL_WYOMING_EXPORT","E","Base Case",75.45722,"RTD"
"462","2024-05-01",22,2,"TOTAL_WYOMING_EXPORT","E","Base Case",75.43254,"RTD"
"463","2024-05-01",22,3,"TOTAL_WYOMING_EXPORT","E","Base Case",72.93844,"RTD"
"464","2024-05-01",22,4,"TOTAL_WYOMING_EXPORT","E","Base Case",37.90521,"RTD"
"465","2024-05-01",22,5,"TOTAL_WYOMING_EXPORT","E","Base Case",72.18066,"RTD"
"466","2024-05-01",22,6,"TOTAL_WYOMING_EXPORT","E","Base Case",35.54964,"RTD"
"467","2024-05-01",22,7,"TOTAL_WYOMING_EXPORT","E","Base Case",34.70594,"RTD"
"468","2024-05-01",22,8,"TOTAL_WYOMING_EXPORT","E","Base Case",62.86492,"RTD"
"469","2024-05-01",22,9,"TOTAL_WYOMING_EXPORT","E","Base Case",33.15516,"RTD"
"470","2024-05-01",22,10,"TOTAL_WYOMING_EXPORT","E","Base Case",29.15399,"RTD"
"471","2024-05-01",22,11,"TOTAL_WYOMING_EXPORT","E","Base Case",33.85885,"RTD"
"472","2024-05-01",22,12,"TOTAL_WYOMING_EXPORT","E","Base Case",6.35304,"RTD"
"473","2024-05-01",23,2,"TOTAL_WYOMING_EXPORT","E","Base Case",11.25709,"RTD"
"474","2024-05-01",20,3,"TOTAL_WYOMING_EXPORT","E","Base Case",30.97043,"RTD"
"475","2024-05-01",20,4,"TOTAL_WYOMING_EXPORT","E","Base Case",36.85424,"RTD"
"476","2024-05-01",20,5,"TOTAL_WYOMING_EXPORT","E","Base Case",66.75874,"RTD"
"477","2024-05-01",20,6,"TOTAL_WYOMING_EXPORT","E","Base Case",75.60404,"RTD"
"478","2024-05-01",20,7,"TOTAL_WYOMING_EXPORT","E","Base Case",75.77126,"RTD"
"479","2024-05-01",20,8,"TOTAL_WYOMING_EXPORT","E","Base Case",76.21565,"RTD"
"480","2024-05-01",20,9,"TOTAL_WYOMING_EXPORT","E","Base Case",76.55002,"RTD"
"481","2024-05-01",20,10,"TOTAL_WYOMING_EXPORT","E","Base Case",77.15783,"RTD"
"482","2024-05-01",20,11,"TOTAL_WYOMING_EXPORT","E","Base Case",77.32372,"RTD"
"483","2024-05-01",20,12,"TOTAL_WYOMING_EXPORT","E","Base Case",76.82216,"RTD"
"484","2024-05-01",21,1,"TOTAL_WYOMING_EXPORT","E","Base Case",35.84537,"RTD"
"485","2024-05-01",21,2,"TOTAL_WYOMING_EXPORT","E","Base Case",36.03667,"RTD"
"486","2024-05-01",21,3,"TOTAL_WYOMING_EXPORT","E","Base Case",75.8624,"RTD"
"487","2024-05-01",21,4,"TOTAL_WYOMING_EXPORT","E","Base Case",35.75403,"RTD"
"488","2024-05-01",21,5,"TOTAL_WYOMING_EXPORT","E","Base Case",73.28534,"RTD"
"489","2024-05-01",21,6,"TOTAL_WYOMING_EXPORT","E","Base Case",74.18626,"RTD"
"490","2024-05-01",14,5,"WALC_NET_DYN_ETSR_IMPORT_ITC","I","Base Case",-4e-04,"RTD"
"491","2024-05-01",14,6,"WALC_NET_DYN_ETSR_IMPORT_ITC","I","Base Case",-4e-04,"RTD"
"492","2024-05-01",14,7,"WALC_NET_DYN_ETSR_IMPORT_ITC","I","Base Case",-4e-04,"RTD"
"493","2024-05-01",14,8,"WALC_NET_DYN_ETSR_IMPORT_ITC","I","Base Case",-4e-04,"RTD"
"494","2024-05-01",14,9,"WALC_NET_DYN_ETSR_IMPORT_ITC","I","Base Case",-4e-04,"RTD"
"495","2024-05-01",14,10,"WALC_NET_DYN_ETSR_IMPORT_ITC","I","Base Case",-4e-04,"RTD"
"496","2024-05-01",14,11,"WALC_NET_DYN_ETSR_IMPORT_ITC","I","Base Case",-4e-04,"RTD"
"497","2024-05-01",14,12,"WALC_NET_DYN_ETSR_IMPORT_ITC","I","Base Case",-4e-04,"RTD"
"498","2024-05-01",15,7,"WALC_NET_DYN_ETSR_IMPORT_ITC","I","Base Case",-4e-04,"RTD"
"499","2024-05-01",15,8,"WALC_NET_DYN_ETSR_IMPORT_ITC","I","Base Case",-4e-04,"RTD"
"500","2024-05-01",15,9,"WALC_NET_DYN_ETSR_IMPORT_ITC","I","Base Case",-4e-04,"RTD"
"501","2024-05-01",15,10,"WALC_NET_DYN_ETSR_IMPORT_ITC","I","Base Case",-4e-04,"RTD"
"502","2024-05-01",15,11,"WALC_NET_DYN_ETSR_IMPORT_ITC","I","Base Case",-4e-04,"RTD"
"503","2024-05-01",15,12,"WALC_NET_DYN_ETSR_IMPORT_ITC","I","Base Case",-4e-04,"RTD"
"504","2024-05-01",16,1,"WALC_NET_DYN_ETSR_IMPORT_ITC","I","Base Case",-4e-04,"RTD"
"505","2024-05-01",16,2,"WALC_NET_DYN_ETSR_IMPORT_ITC","I","Base Case",-4e-04,"RTD"
"506","2024-05-01",16,3,"WALC_NET_DYN_ETSR_IMPORT_ITC","I","Base Case",-4e-04,"RTD"
"507","2024-05-01",16,4,"WALC_NET_DYN_ETSR_IMPORT_ITC","I","Base Case",-4e-04,"RTD"
"508","2024-05-01",16,5,"WALC_NET_DYN_ETSR_IMPORT_ITC","I","Base Case",-4e-04,"RTD"
"509","2024-05-01",16,6,"WALC_NET_DYN_ETSR_IMPORT_ITC","I","Base Case",-4e-04,"RTD"
"510","2024-05-01",16,7,"WALC_NET_DYN_ETSR_IMPORT_ITC","I","Base Case",-4e-04,"RTD"
"511","2024-05-01",16,8,"WALC_NET_DYN_ETSR_IMPORT_ITC","I","Base Case",-4e-04,"RTD"
"512","2024-05-01",16,9,"WALC_NET_DYN_ETSR_IMPORT_ITC","I","Base Case",-4e-04,"RTD"
"513","2024-05-01",16,10,"WALC_NET_DYN_ETSR_IMPORT_ITC","I","Base Case",-4e-04,"RTD"
"514","2024-05-01",16,11,"WALC_NET_DYN_ETSR_IMPORT_ITC","I","Base Case",-4e-04,"RTD"
"515","2024-05-01",16,12,"WALC_NET_DYN_ETSR_IMPORT_ITC","I","Base Case",-4e-04,"RTD"
"516","2024-05-01",17,2,"WALC_NET_DYN_ETSR_IMPORT_ITC","I","Base Case",-0.0012,"RTD"
"517","2024-05-01",17,3,"WALC_NET_DYN_ETSR_IMPORT_ITC","I","Base Case",-0.0012,"RTD"
"518","2024-05-01",17,4,"WALC_NET_DYN_ETSR_IMPORT_ITC","I","Base Case",-0.0012,"RTD"
"519","2024-05-01",17,5,"WALC_NET_DYN_ETSR_IMPORT_ITC","I","Base Case",-4e-04,"RTD"
"520","2024-05-01",17,6,"WALC_NET_DYN_ETSR_IMPORT_ITC","I","Base Case",-4e-04,"RTD"
"521","2024-05-01",17,7,"WALC_NET_DYN_ETSR_IMPORT_ITC","I","Base Case",-4e-04,"RTD"
"522","2024-05-01",17,8,"WALC_NET_DYN_ETSR_IMPORT_ITC","I","Base Case",-0.0016,"RTD"
"523","2024-05-01",17,9,"WALC_NET_DYN_ETSR_IMPORT_ITC","I","Base Case",-0.0016,"RTD"
"524","2024-05-01",17,10,"WALC_NET_DYN_ETSR_IMPORT_ITC","I","Base Case",-4e-04,"RTD"
"525","2024-05-01",17,11,"WALC_NET_DYN_ETSR_IMPORT_ITC","I","Base Case",-4e-04,"RTD"
"526","2024-05-01",17,12,"WALC_NET_DYN_ETSR_IMPORT_ITC","I","Base Case",-4e-04,"RTD"
"527","2024-05-01",18,1,"WALC_NET_DYN_ETSR_IMPORT_ITC","I","Base Case",-4e-04,"RTD"
"528","2024-05-01",19,1,"WALC_NET_DYN_ETSR_IMPORT_ITC","I","Base Case",-4e-04,"RTD"
"529","2024-05-01",19,2,"WALC_NET_DYN_ETSR_IMPORT_ITC","I","Base Case",-4e-04,"RTD"
"530","2024-05-01",19,3,"WALC_NET_DYN_ETSR_IMPORT_ITC","I","Base Case",-4e-04,"RTD"
"531","2024-05-01",9,7,"WINDSTAR EXPORT TCOR","E","Base Case",2.89641,"RTD"
"532","2024-05-01",15,5,"WINDSTAR EXPORT TCOR","E","Base Case",17.58327,"RTD"
"533","2024-05-01",15,4,"WINDSTAR EXPORT TCOR","E","Base Case",16.89242,"RTD"
"534","2024-05-01",15,2,"WINDSTAR EXPORT TCOR","E","Base Case",17.7622,"RTD"
"535","2024-05-02",8,1,"AEOLUS_EXP","E","Base Case",64.21769,"RTD"
"536","2024-05-02",10,12,"AEOLUS_EXP","E","Base Case",62.86147,"RTD"
"537","2024-05-02",8,3,"AEOLUS_EXP","E","Base Case",69.67587,"RTD"
"538","2024-05-02",8,4,"AEOLUS_EXP","E","Base Case",67.69738,"RTD"
"539","2024-05-02",8,5,"AEOLUS_EXP","E","Base Case",69.23246,"RTD"
"540","2024-05-02",8,6,"AEOLUS_EXP","E","Base Case",64.09744,"RTD"
"541","2024-05-02",8,7,"AEOLUS_EXP","E","Base Case",63.05765,"RTD"
"542","2024-05-02",8,8,"AEOLUS_EXP","E","Base Case",61.58603,"RTD"
"543","2024-05-02",8,9,"AEOLUS_EXP","E","Base Case",57.8732,"RTD"
"544","2024-05-02",8,10,"AEOLUS_EXP","E","Base Case",60.43623,"RTD"
"545","2024-05-02",8,11,"AEOLUS_EXP","E","Base Case",61.25008,"RTD"
"546","2024-05-02",8,12,"AEOLUS_EXP","E","Base Case",59.06203,"RTD"
"547","2024-05-02",9,1,"AEOLUS_EXP","E","Base Case",49.40879,"RTD"
"548","2024-05-02",9,2,"AEOLUS_EXP","E","Base Case",55.13246,"RTD"
"549","2024-05-02",9,3,"AEOLUS_EXP","E","Base Case",55.54925,"RTD"
"550","2024-05-02",9,4,"AEOLUS_EXP","E","Base Case",56.18417,"RTD"
"551","2024-05-02",9,5,"AEOLUS_EXP","E","Base Case",56.73639,"RTD"
"552","2024-05-02",9,6,"AEOLUS_EXP","E","Base Case",63.17164,"RTD"
"553","2024-05-02",9,7,"AEOLUS_EXP","E","Base Case",62.59878,"RTD"
"554","2024-05-02",9,8,"AEOLUS_EXP","E","Base Case",65.26046,"RTD"
"555","2024-05-02",9,9,"AEOLUS_EXP","E","Base Case",64.9812,"RTD"
"556","2024-05-02",9,10,"AEOLUS_EXP","E","Base Case",65.11445,"RTD"
"557","2024-05-02",9,11,"AEOLUS_EXP","E","Base Case",65.23379,"RTD"
"558","2024-05-02",9,12,"AEOLUS_EXP","E","Base Case",67.50381,"RTD"
"559","2024-05-02",10,1,"AEOLUS_EXP","E","Base Case",85.31512,"RTD"
"560","2024-05-02",10,2,"AEOLUS_EXP","E","Base Case",87.42642,"RTD"
"561","2024-05-02",10,3,"AEOLUS_EXP","E","Base Case",85.10109,"RTD"
"562","2024-05-02",10,4,"AEOLUS_EXP","E","Base Case",84.39093,"RTD"
"563","2024-05-02",10,5,"AEOLUS_EXP","E","Base Case",83.44644,"RTD"
"564","2024-05-02",10,6,"AEOLUS_EXP","E","Base Case",75.062,"RTD"
"565","2024-05-02",10,7,"AEOLUS_EXP","E","Base Case",70.80514,"RTD"
"566","2024-05-02",10,8,"AEOLUS_EXP","E","Base Case",70.05961,"RTD"
"567","2024-05-02",10,9,"AEOLUS_EXP","E","Base Case",63.92052,"RTD"
"568","2024-05-02",10,10,"AEOLUS_EXP","E","Base Case",62.37629,"RTD"
"569","2024-05-02",10,11,"AEOLUS_EXP","E","Base Case",62.65844,"RTD"
"570","2024-05-02",8,2,"AEOLUS_EXP","E","Base Case",68.00832,"RTD"
"571","2024-05-02",2,12,"BLYTHE_ITC","I","Base Case",-4e-04,"RTD"
"572","2024-05-02",5,3,"BLYTHE_ITC","I","Base Case",-4e-04,"RTD"
"573","2024-05-02",3,2,"BLYTHE_ITC","I","Base Case",-4e-04,"RTD"
"574","2024-05-02",3,3,"BLYTHE_ITC","I","Base Case",-4e-04,"RTD"
"575","2024-05-02",3,4,"BLYTHE_ITC","I","Base Case",-4e-04,"RTD"
"576","2024-05-02",3,5,"BLYTHE_ITC","I","Base Case",-4e-04,"RTD"
"577","2024-05-02",3,6,"BLYTHE_ITC","I","Base Case",-4e-04,"RTD"
"578","2024-05-02",3,7,"BLYTHE_ITC","I","Base Case",-4e-04,"RTD"
"579","2024-05-02",3,8,"BLYTHE_ITC","I","Base Case",-4e-04,"RTD"
"580","2024-05-02",3,9,"BLYTHE_ITC","I","Base Case",-4e-04,"RTD"
"581","2024-05-02",3,10,"BLYTHE_ITC","I","Base Case",-4e-04,"RTD"
"582","2024-05-02",3,11,"BLYTHE_ITC","I","Base Case",-4e-04,"RTD"
"583","2024-05-02",3,12,"BLYTHE_ITC","I","Base Case",-4e-04,"RTD"
"584","2024-05-02",4,1,"BLYTHE_ITC","I","Base Case",-4e-04,"RTD"
"585","2024-05-02",4,2,"BLYTHE_ITC","I","Base Case",-4e-04,"RTD"
"586","2024-05-02",4,3,"BLYTHE_ITC","I","Base Case",-4e-04,"RTD"
"587","2024-05-02",4,4,"BLYTHE_ITC","I","Base Case",-4e-04,"RTD"
"588","2024-05-02",4,5,"BLYTHE_ITC","I","Base Case",-4e-04,"RTD"
"589","2024-05-02",4,6,"BLYTHE_ITC","I","Base Case",-4e-04,"RTD"
"590","2024-05-02",4,7,"BLYTHE_ITC","I","Base Case",-4e-04,"RTD"
"591","2024-05-02",4,8,"BLYTHE_ITC","I","Base Case",-4e-04,"RTD"
"592","2024-05-02",4,9,"BLYTHE_ITC","I","Base Case",-4e-04,"RTD"
"593","2024-05-02",4,10,"BLYTHE_ITC","I","Base Case",-4e-04,"RTD"
"594","2024-05-02",4,11,"BLYTHE_ITC","I","Base Case",-4e-04,"RTD"
"595","2024-05-02",4,12,"BLYTHE_ITC","I","Base Case",-4e-04,"RTD"
"596","2024-05-02",5,1,"BLYTHE_ITC","I","Base Case",-4e-04,"RTD"
"597","2024-05-02",5,2,"BLYTHE_ITC","I","Base Case",-4e-04,"RTD"
"598","2024-05-02",3,1,"BLYTHE_ITC","I","Base Case",-4e-04,"RTD"
"599","2024-05-02",17,1,"EPE_SNMIC_ITC","I","Base Case",-10.87423,"RTD"
"600","2024-05-02",19,1,"EPE_SNMIC_ITC","I","Base Case",-0.0024,"RTD"
"601","2024-05-02",17,3,"EPE_SNMIC_ITC","I","Base Case",-13.90386,"RTD"
"602","2024-05-02",17,4,"EPE_SNMIC_ITC","I","Base Case",-10.85366,"RTD"
"603","2024-05-02",17,5,"EPE_SNMIC_ITC","I","Base Case",-11.00139,"RTD"
"604","2024-05-02",17,6,"EPE_SNMIC_ITC","I","Base Case",-10.68747,"RTD"
"605","2024-05-02",17,7,"EPE_SNMIC_ITC","I","Base Case",-10.22306,"RTD"
"606","2024-05-02",17,8,"EPE_SNMIC_ITC","I","Base Case",-10.51173,"RTD"
"607","2024-05-02",17,9,"EPE_SNMIC_ITC","I","Base Case",-10.1809,"RTD"
"608","2024-05-02",17,10,"EPE_SNMIC_ITC","I","Base Case",-9.53531,"RTD"
"609","2024-05-02",17,11,"EPE_SNMIC_ITC","I","Base Case",-9.60447,"RTD"
"610","2024-05-02",17,12,"EPE_SNMIC_ITC","I","Base Case",-9.53562,"RTD"
"611","2024-05-02",18,1,"EPE_SNMIC_ITC","I","Base Case",-11.97051,"RTD"
"612","2024-05-02",18,2,"EPE_SNMIC_ITC","I","Base Case",-12.52592,"RTD"
"613","2024-05-02",18,3,"EPE_SNMIC_ITC","I","Base Case",-12.03531,"RTD"
"614","2024-05-02",18,4,"EPE_SNMIC_ITC","I","Base Case",-12.10502,"RTD"
"615","2024-05-02",18,5,"EPE_SNMIC_ITC","I","Base Case",-11.83808,"RTD"
"616","2024-05-02",18,6,"EPE_SNMIC_ITC","I","Base Case",-1.93902,"RTD"
"617","2024-05-02",18,7,"EPE_SNMIC_ITC","I","Base Case",-0.66625,"RTD"
"618","2024-05-02",18,12,"EPE_SNMIC_ITC","I","Base Case",-8e-04,"RTD"
"619","2024-05-02",17,2,"EPE_SNMIC_ITC","I","Base Case",-10.92185,"RTD"
"620","2024-05-02",17,3,"INYO_INYO_1115_1","I","Base Case",961.59748,"RTD"
"621","2024-05-02",6,1,"LDWP_IPP_NORTH","E","Base Case",-0.30804,"RTD"
"622","2024-05-02",19,7,"LDWP_IPP_NORTH","I","Base Case",-0.44651,"RTD"
"623","2024-05-02",8,1,"LDWP_IPP_NORTH","E","Base Case",-11.74957,"RTD"
"624","2024-05-02",8,2,"LDWP_IPP_NORTH","E","Base Case",-15.20067,"RTD"
"625","2024-05-02",8,3,"LDWP_IPP_NORTH","E","Base Case",-17.1652,"RTD"
"626","2024-05-02",8,4,"LDWP_IPP_NORTH","E","Base Case",-15.19973,"RTD"
"627","2024-05-02",8,5,"LDWP_IPP_NORTH","E","Base Case",-16.47143,"RTD"
"628","2024-05-02",8,6,"LDWP_IPP_NORTH","E","Base Case",-11.7159,"RTD"
"629","2024-05-02",8,7,"LDWP_IPP_NORTH","E","Base Case",-15.22177,"RTD"
"630","2024-05-02",8,8,"LDWP_IPP_NORTH","E","Base Case",-15.34338,"RTD"
"631","2024-05-02",8,9,"LDWP_IPP_NORTH","E","Base Case",-14.72524,"RTD"
"632","2024-05-02",8,10,"LDWP_IPP_NORTH","E","Base Case",-13.77501,"RTD"
"633","2024-05-02",8,11,"LDWP_IPP_NORTH","E","Base Case",-14.63088,"RTD"
"634","2024-05-02",8,12,"LDWP_IPP_NORTH","E","Base Case",-16.15574,"RTD"
"635","2024-05-02",7,12,"LDWP_IPP_NORTH","E","Base Case",-0.72138,"RTD"
"636","2024-05-02",2,4,"MALIN500_ISL","E","Base Case",-0.0012,"RTD"
"637","2024-05-02",2,6,"MALIN500_ISL","E","Base Case",-0.0012,"RTD"
"638","2024-05-02",2,7,"MALIN500_ISL","E","Base Case",-0.0012,"RTD"
"639","2024-05-02",2,8,"MALIN500_ISL","E","Base Case",-0.0012,"RTD"
"640","2024-05-02",2,9,"MALIN500_ISL","E","Base Case",-0.0012,"RTD"
"641","2024-05-02",2,10,"MALIN500_ISL","E","Base Case",-6.49927,"RTD"
"642","2024-05-02",2,11,"MALIN500_ISL","E","Base Case",-5.46875,"RTD"
"643","2024-05-02",2,12,"MALIN500_ISL","E","Base Case",-8.76829,"RTD"
"644","2024-05-02",3,1,"MALIN500_ISL","E","Base Case",-0.92694,"RTD"
"645","2024-05-02",3,2,"MALIN500_ISL","E","Base Case",-2.62077,"RTD"
"646","2024-05-02",3,3,"MALIN500_ISL","E","Base Case",-1.52321,"RTD"
"647","2024-05-02",3,4,"MALIN500_ISL","E","Base Case",-0.05337,"RTD"
"648","2024-05-02",3,5,"MALIN500_ISL","E","Base Case",-0.0012,"RTD"
"649","2024-05-02",3,6,"MALIN500_ISL","E","Base Case",-0.0012,"RTD"
"650","2024-05-02",3,7,"MALIN500_ISL","E","Base Case",-0.0012,"RTD"
"651","2024-05-02",3,8,"MALIN500_ISL","E","Base Case",-1.72401,"RTD"
"652","2024-05-02",3,9,"MALIN500_ISL","E","Base Case",-5.55201,"RTD"
"653","2024-05-02",3,10,"MALIN500_ISL","E","Base Case",-3.50539,"RTD"
"654","2024-05-02",3,11,"MALIN500_ISL","E","Base Case",-1.97612,"RTD"
"655","2024-05-02",3,12,"MALIN500_ISL","E","Base Case",-3.50539,"RTD"
"656","2024-05-02",4,1,"MALIN500_ISL","E","Base Case",-0.0024,"RTD"
"657","2024-05-02",4,2,"MALIN500_ISL","E","Base Case",-0.0024,"RTD"
"658","2024-05-02",4,3,"MALIN500_ISL","E","Base Case",-0.0024,"RTD"
"659","2024-05-02",4,8,"MALIN500_ISL","E","Base Case",-0.0024,"RTD"
"660","2024-05-02",4,9,"MALIN500_ISL","E","Base Case",-1.7146,"RTD"
"661","2024-05-02",4,10,"MALIN500_ISL","E","Base Case",-4.68051,"RTD"
"662","2024-05-02",4,11,"MALIN500_ISL","E","Base Case",-4.28826,"RTD"
"663","2024-05-02",4,12,"MALIN500_ISL","E","Base Case",-8e-04,"RTD"
"664","2024-05-02",5,4,"MALIN500_ISL","E","Base Case",-0.0024,"RTD"
"665","2024-05-02",5,5,"MALIN500_ISL","E","Base Case",-0.3756,"RTD"
"666","2024-05-02",5,6,"MALIN500_ISL","E","Base Case",-0.91501,"RTD"
"667","2024-05-02",5,7,"MALIN500_ISL","E","Base Case",-0.23126,"RTD"
"668","2024-05-02",5,8,"MALIN500_ISL","E","Base Case",-3.3701,"RTD"
"669","2024-05-02",5,9,"MALIN500_ISL","E","Base Case",-1.40498,"RTD"
"670","2024-05-02",5,10,"MALIN500_ISL","E","Base Case",-0.06344,"RTD"
"671","2024-05-02",5,11,"MALIN500_ISL","E","Base Case",-0.0036,"RTD"
"672","2024-05-02",6,1,"MALIN500_ISL","E","Base Case",-0.0036,"RTD"
"673","2024-05-02",6,2,"MALIN500_ISL","E","Base Case",-0.0036,"RTD"
"674","2024-05-02",6,3,"MALIN500_ISL","E","Base Case",-0.0012,"RTD"
"675","2024-05-02",6,4,"MALIN500_ISL","E","Base Case",-0.0012,"RTD"
"676","2024-05-02",6,5,"MALIN500_ISL","E","Base Case",-0.0012,"RTD"
"677","2024-05-02",1,3,"MALIN500_ISL","E","Base Case",-1.32838,"RTD"
"678","2024-05-02",1,7,"MALIN500_ISL","E","Base Case",-0.72559,"RTD"
"679","2024-05-02",1,10,"MALIN500_ISL","E","Base Case",-1.66083,"RTD"
"680","2024-05-02",1,11,"MALIN500_ISL","E","Base Case",-0.5614,"RTD"
"681","2024-05-02",4,4,"MALIN500_ISL","E","Base Case",-0.0024,"RTD"
"682","2024-05-02",4,5,"MALIN500_ISL","E","Base Case",-0.0024,"RTD"
"683","2024-05-02",4,6,"MALIN500_ISL","E","Base Case",-0.0024,"RTD"
"684","2024-05-02",4,7,"MALIN500_ISL","E","Base Case",-0.0024,"RTD"
"685","2024-05-02",14,5,"ME-JF 138","I","VE1 VEAVST-PAHRUM 138",72.41552,"RTD"
"686","2024-05-02",14,6,"ME-JF 138","I","VE1 VEAVST-PAHRUM 138",71.53215,"RTD"
"687","2024-05-02",14,7,"ME-JF 138","I","VE1 VEAVST-PAHRUM 138",71.92731,"RTD"
"688","2024-05-02",14,8,"ME-JF 138","I","VE1 VEAVST-PAHRUM 138",71.38859,"RTD"
"689","2024-05-02",14,9,"ME-JF 138","I","VE1 VEAVST-PAHRUM 138",70.31288,"RTD"
"690","2024-05-02",14,10,"ME-JF 138","I","VE1 VEAVST-PAHRUM 138",70.1588,"RTD"
"691","2024-05-02",14,11,"ME-JF 138","I","VE1 VEAVST-PAHRUM 138",69.93098,"RTD"
"692","2024-05-02",14,12,"ME-JF 138","I","VE1 VEAVST-PAHRUM 138",69.01483,"RTD"
"693","2024-05-02",15,1,"ME-JF 138","I","VE1 VEAVST-PAHRUM 138",68.86357,"RTD"
"694","2024-05-02",15,2,"ME-JF 138","I","VE1 VEAVST-PAHRUM 138",68.79023,"RTD"
"695","2024-05-02",15,3,"ME-JF 138","I","VE1 VEAVST-PAHRUM 138",68.47754,"RTD"
"696","2024-05-02",15,4,"ME-JF 138","I","VE1 VEAVST-PAHRUM 138",68.51078,"RTD"
"697","2024-05-02",15,5,"ME-JF 138","I","VE1 VEAVST-PAHRUM 138",68.60386,"RTD"
"698","2024-05-02",15,6,"ME-JF 138","I","VE1 VEAVST-PAHRUM 138",68.57414,"RTD"
"699","2024-05-02",15,7,"ME-JF 138","I","VE1 VEAVST-PAHRUM 138",66.015,"RTD"
"700","2024-05-02",15,8,"ME-JF 138","I","VE1 VEAVST-PAHRUM 138",65.97675,"RTD"
"701","2024-05-02",15,9,"ME-JF 138","I","VE1 VEAVST-PAHRUM 138",61.9833,"RTD"
"702","2024-05-02",15,10,"ME-JF 138","I","VE1 VEAVST-PAHRUM 138",60.15847,"RTD"
"703","2024-05-02",15,11,"ME-JF 138","I","VE1 VEAVST-PAHRUM 138",59.69634,"RTD"
"704","2024-05-02",15,12,"ME-JF 138","I","VE1 VEAVST-PAHRUM 138",59.93097,"RTD"
"705","2024-05-02",16,1,"ME-JF 138","I","VE1 VEAVST-PAHRUM 138",61.89419,"RTD"
"706","2024-05-02",16,2,"ME-JF 138","I","VE1 VEAVST-PAHRUM 138",65.09894,"RTD"
"707","2024-05-02",16,3,"ME-JF 138","I","VE1 VEAVST-PAHRUM 138",59.93709,"RTD"
"708","2024-05-02",16,4,"ME-JF 138","I","VE1 VEAVST-PAHRUM 138",61.45203,"RTD"
"709","2024-05-02",16,5,"ME-JF 138","I","VE1 VEAVST-PAHRUM 138",59.88281,"RTD"
"710","2024-05-02",16,6,"ME-JF 138","I","VE1 VEAVST-PAHRUM 138",59.98171,"RTD"
"711","2024-05-02",16,7,"ME-JF 138","I","VE1 VEAVST-PAHRUM 138",59.98466,"RTD"
"712","2024-05-02",16,8,"ME-JF 138","I","VE1 VEAVST-PAHRUM 138",60.02857,"RTD"
"713","2024-05-02",16,9,"ME-JF 138","I","VE1 VEAVST-PAHRUM 138",59.8857,"RTD"
"714","2024-05-02",16,10,"ME-JF 138","I","VE1 VEAVST-PAHRUM 138",60.09849,"RTD"
"715","2024-05-02",16,11,"ME-JF 138","I","VE1 VEAVST-PAHRUM 138",60.09881,"RTD"
"716","2024-05-02",16,12,"ME-JF 138","I","VE1 VEAVST-PAHRUM 138",59.83421,"RTD"
"717","2024-05-02",17,1,"ME-JF 138","I","VE1 VEAVST-PAHRUM 138",59.32421,"RTD"
"718","2024-05-02",17,2,"ME-JF 138","I","VE1 VEAVST-PAHRUM 138",59.22821,"RTD"
"719","2024-05-02",17,3,"ME-JF 138","I","VE1 VEAVST-PAHRUM 138",56.15981,"RTD"
"720","2024-05-02",17,7,"ME-JF 138","I","VE1 VEAVST-PAHRUM 138",59.42005,"RTD"
"721","2024-05-02",17,8,"ME-JF 138","I","VE1 VEAVST-PAHRUM 138",59.45056,"RTD"
"722","2024-05-02",17,9,"ME-JF 138","I","VE1 VEAVST-PAHRUM 138",59.60073,"RTD"
"723","2024-05-02",8,10,"ME-JF 138","I","VE1 VEAVST-PAHRUM 138",73.09634,"RTD"
"724","2024-05-02",8,12,"ME-JF 138","I","VE1 VEAVST-PAHRUM 138",71.61852,"RTD"
"725","2024-05-02",9,2,"ME-JF 138","I","VE1 VEAVST-PAHRUM 138",76.41954,"RTD"
"726","2024-05-02",9,4,"ME-JF 138","I","VE1 VEAVST-PAHRUM 138",71.32708,"RTD"
"727","2024-05-02",9,5,"ME-JF 138","I","VE1 VEAVST-PAHRUM 138",71.16445,"RTD"
"728","2024-05-02",9,6,"ME-JF 138","I","VE1 VEAVST-PAHRUM 138",68.82159,"RTD"
"729","2024-05-02",9,7,"ME-JF 138","I","VE1 VEAVST-PAHRUM 138",68.58994,"RTD"
"730","2024-05-02",9,8,"ME-JF 138","I","VE1 VEAVST-PAHRUM 138",68.62268,"RTD"
"731","2024-05-02",9,9,"ME-JF 138","I","VE1 VEAVST-PAHRUM 138",67.72114,"RTD"
"732","2024-05-02",9,10,"ME-JF 138","I","VE1 VEAVST-PAHRUM 138",67.93995,"RTD"
"733","2024-05-02",9,11,"ME-JF 138","I","VE1 VEAVST-PAHRUM 138",68.21309,"RTD"
"734","2024-05-02",9,12,"ME-JF 138","I","VE1 VEAVST-PAHRUM 138",66.38312,"RTD"
"735","2024-05-02",10,1,"ME-JF 138","I","VE1 VEAVST-PAHRUM 138",68.71636,"RTD"
"736","2024-05-02",10,2,"ME-JF 138","I","VE1 VEAVST-PAHRUM 138",68.64119,"RTD"
"737","2024-05-02",10,3,"ME-JF 138","I","VE1 VEAVST-PAHRUM 138",67.99979,"RTD"
"738","2024-05-02",10,4,"ME-JF 138","I","VE1 VEAVST-PAHRUM 138",69.4256,"RTD"
"739","2024-05-02",10,5,"ME-JF 138","I","VE1 VEAVST-PAHRUM 138",69.40413,"RTD"
"740","2024-05-02",10,6,"ME-JF 138","I","VE1 VEAVST-PAHRUM 138",69.23599,"RTD"
"741","2024-05-02",10,7,"ME-JF 138","I","VE1 VEAVST-PAHRUM 138",69.08842,"RTD"
"742","2024-05-02",10,8,"ME-JF 138","I","VE1 VEAVST-PAHRUM 138",69.15882,"RTD"
"743","2024-05-02",10,9,"ME-JF 138","I","VE1 VEAVST-PAHRUM 138",68.95874,"RTD"
"744","2024-05-02",10,10,"ME-JF 138","I","VE1 VEAVST-PAHRUM 138",69.0813,"RTD"
"745","2024-05-02",10,11,"ME-JF 138","I","VE1 VEAVST-PAHRUM 138",69.08868,"RTD"
"746","2024-05-02",10,12,"ME-JF 138","I","VE1 VEAVST-PAHRUM 138",70.0552,"RTD"
"747","2024-05-02",11,1,"ME-JF 138","I","VE1 VEAVST-PAHRUM 138",71.25584,"RTD"
"748","2024-05-02",11,2,"ME-JF 138","I","VE1 VEAVST-PAHRUM 138",71.78707,"RTD"
"749","2024-05-02",11,3,"ME-JF 138","I","VE1 VEAVST-PAHRUM 138",70.22235,"RTD"
"750","2024-05-02",11,4,"ME-JF 138","I","VE1 VEAVST-PAHRUM 138",70.93666,"RTD"
"751","2024-05-02",11,5,"ME-JF 138","I","VE1 VEAVST-PAHRUM 138",71.06067,"RTD"
"752","2024-05-02",11,6,"ME-JF 138","I","VE1 VEAVST-PAHRUM 138",70.20597,"RTD"
"753","2024-05-02",11,7,"ME-JF 138","I","VE1 VEAVST-PAHRUM 138",69.99658,"RTD"
"754","2024-05-02",11,8,"ME-JF 138","I","VE1 VEAVST-PAHRUM 138",70.78388,"RTD"
"755","2024-05-02",11,9,"ME-JF 138","I","VE1 VEAVST-PAHRUM 138",70.33992,"RTD"
"756","2024-05-02",11,10,"ME-JF 138","I","VE1 VEAVST-PAHRUM 138",71.06751,"RTD"
"757","2024-05-02",11,11,"ME-JF 138","I","VE1 VEAVST-PAHRUM 138",70.76049,"RTD"
"758","2024-05-02",11,12,"ME-JF 138","I","VE1 VEAVST-PAHRUM 138",69.61527,"RTD"
"759","2024-05-02",12,1,"ME-JF 138","I","VE1 VEAVST-PAHRUM 138",74.62272,"RTD"
"760","2024-05-02",12,2,"ME-JF 138","I","VE1 VEAVST-PAHRUM 138",74.41793,"RTD"
"761","2024-05-02",12,3,"ME-JF 138","I","VE1 VEAVST-PAHRUM 138",72.18189,"RTD"
"762","2024-05-02",12,4,"ME-JF 138","I","VE1 VEAVST-PAHRUM 138",73.66097,"RTD"
"763","2024-05-02",12,5,"ME-JF 138","I","VE1 VEAVST-PAHRUM 138",74.3243,"RTD"
"764","2024-05-02",12,6,"ME-JF 138","I","VE1 VEAVST-PAHRUM 138",73.72287,"RTD"
"765","2024-05-02",12,7,"ME-JF 138","I","VE1 VEAVST-PAHRUM 138",73.60201,"RTD"
"766","2024-05-02",12,8,"ME-JF 138","I","VE1 VEAVST-PAHRUM 138",73.75705,"RTD"
"767","2024-05-02",12,9,"ME-JF 138","I","VE1 VEAVST-PAHRUM 138",72.11496,"RTD"
"768","2024-05-02",12,10,"ME-JF 138","I","VE1 VEAVST-PAHRUM 138",73.35444,"RTD"
"769","2024-05-02",12,11,"ME-JF 138","I","VE1 VEAVST-PAHRUM 138",73.39744,"RTD"
"770","2024-05-02",12,12,"ME-JF 138","I","VE1 VEAVST-PAHRUM 138",71.6778,"RTD"
"771","2024-05-02",13,1,"ME-JF 138","I","VE1 VEAVST-PAHRUM 138",69.89668,"RTD"
"772","2024-05-02",13,2,"ME-JF 138","I","VE1 VEAVST-PAHRUM 138",71.78326,"RTD"
"773","2024-05-02",13,3,"ME-JF 138","I","VE1 VEAVST-PAHRUM 138",71.77673,"RTD"
"774","2024-05-02",13,4,"ME-JF 138","I","VE1 VEAVST-PAHRUM 138",71.48923,"RTD"
"775","2024-05-02",13,5,"ME-JF 138","I","VE1 VEAVST-PAHRUM 138",71.56517,"RTD"
"776","2024-05-02",13,6,"ME-JF 138","I","VE1 VEAVST-PAHRUM 138",71.1259,"RTD"
"777","2024-05-02",13,7,"ME-JF 138","I","VE1 VEAVST-PAHRUM 138",71.61033,"RTD"
"778","2024-05-02",13,8,"ME-JF 138","I","VE1 VEAVST-PAHRUM 138",72.20401,"RTD"
"779","2024-05-02",13,9,"ME-JF 138","I","VE1 VEAVST-PAHRUM 138",71.66164,"RTD"
"780","2024-05-02",13,10,"ME-JF 138","I","VE1 VEAVST-PAHRUM 138",71.37976,"RTD"
"781","2024-05-02",13,11,"ME-JF 138","I","VE1 VEAVST-PAHRUM 138",71.90437,"RTD"
"782","2024-05-02",13,12,"ME-JF 138","I","VE1 VEAVST-PAHRUM 138",70.27832,"RTD"
"783","2024-05-02",14,1,"ME-JF 138","I","VE1 VEAVST-PAHRUM 138",74.59904,"RTD"
"784","2024-05-02",14,2,"ME-JF 138","I","VE1 VEAVST-PAHRUM 138",74.59888,"RTD"
"785","2024-05-02",14,3,"ME-JF 138","I","VE1 VEAVST-PAHRUM 138",72.61627,"RTD"
"786","2024-05-02",14,4,"ME-JF 138","I","VE1 VEAVST-PAHRUM 138",72.49668,"RTD"
"787","2024-05-02",5,2,"NWMT_AMPS_EAST","I","Base Case",-0.0012,"RTD"
"788","2024-05-02",5,3,"NWMT_AMPS_EAST","I","Base Case",-0.0012,"RTD"
"789","2024-05-02",5,4,"NWMT_AMPS_EAST","I","Base Case",-0.0024,"RTD"
"790","2024-05-02",5,5,"NWMT_AMPS_EAST","I","Base Case",-0.3732,"RTD"
"791","2024-05-02",5,6,"NWMT_AMPS_EAST","I","Base Case",-0.91261,"RTD"
"792","2024-05-02",5,7,"NWMT_AMPS_EAST","I","Base Case",-0.22886,"RTD"
"793","2024-05-02",5,8,"NWMT_AMPS_EAST","I","Base Case",-3.3677,"RTD"
"794","2024-05-02",5,9,"NWMT_AMPS_EAST","I","Base Case",-1.40258,"RTD"
"795","2024-05-02",5,10,"NWMT_AMPS_EAST","I","Base Case",-0.06224,"RTD"
"796","2024-05-02",5,11,"NWMT_AMPS_EAST","I","Base Case",-0.0036,"RTD"
"797","2024-05-02",5,12,"NWMT_AMPS_EAST","I","Base Case",-0.0012,"RTD"
"798","2024-05-02",7,2,"NWMT_AMPS_EAST","I","Base Case",-2.46438,"RTD"
"799","2024-05-02",7,3,"NWMT_AMPS_EAST","I","Base Case",-3.34015,"RTD"
"800","2024-05-02",7,4,"NWMT_AMPS_EAST","I","Base Case",-1.10317,"RTD"
"801","2024-05-02",7,8,"NWMT_AMPS_EAST","I","Base Case",-3.02081,"RTD"
"802","2024-05-02",7,9,"NWMT_AMPS_EAST","I","Base Case",-14.8097,"RTD"
"803","2024-05-02",7,10,"NWMT_AMPS_EAST","I","Base Case",-19.25724,"RTD"
"804","2024-05-02",7,11,"NWMT_AMPS_EAST","I","Base Case",-22.17271,"RTD"
"805","2024-05-02",7,12,"NWMT_AMPS_EAST","I","Base Case",-24.40506,"RTD"
"806","2024-05-02",9,1,"NWMT_AMPS_EAST","I","Base Case",-20.72603,"RTD"
"807","2024-05-02",9,2,"NWMT_AMPS_EAST","I","Base Case",-13.55543,"RTD"
"808","2024-05-02",9,3,"NWMT_AMPS_EAST","I","Base Case",-8.85707,"RTD"
"809","2024-05-02",9,4,"NWMT_AMPS_EAST","I","Base Case",-6.43744,"RTD"
"810","2024-05-02",14,1,"NWMT_AMPS_EAST","I","Base Case",-0.0012,"RTD"
"811","2024-05-02",14,3,"NWMT_AMPS_EAST","I","Base Case",-5.6644,"RTD"
"812","2024-05-02",14,4,"NWMT_AMPS_EAST","I","Base Case",-9.50112,"RTD"
"813","2024-05-02",15,3,"NWMT_AMPS_EAST","I","Base Case",-4.88486,"RTD"
"814","2024-05-02",15,4,"NWMT_AMPS_EAST","I","Base Case",-4.56947,"RTD"
"815","2024-05-02",15,12,"NWMT_AMPS_EAST","I","Base Case",-0.0012,"RTD"
"816","2024-05-02",16,1,"NWMT_AMPS_EAST","I","Base Case",-2.88313,"RTD"
"817","2024-05-02",16,2,"NWMT_AMPS_EAST","I","Base Case",-5.0752,"RTD"
"818","2024-05-02",16,3,"NWMT_AMPS_EAST","I","Base Case",-0.41718,"RTD"
"819","2024-05-02",16,4,"NWMT_AMPS_EAST","I","Base Case",-3.64644,"RTD"
"820","2024-05-02",16,5,"NWMT_AMPS_EAST","I","Base Case",-7.32332,"RTD"
"821","2024-05-02",16,6,"NWMT_AMPS_EAST","I","Base Case",-1.51653,"RTD"
"822","2024-05-02",16,7,"NWMT_AMPS_EAST","I","Base Case",-1.35621,"RTD"
"823","2024-05-02",16,8,"NWMT_AMPS_EAST","I","Base Case",-0.0012,"RTD"
"824","2024-05-02",18,1,"NWMT_AMPS_EAST","I","Base Case",-6.08121,"RTD"
"825","2024-05-02",18,2,"NWMT_AMPS_EAST","I","Base Case",-6.8758,"RTD"
"826","2024-05-02",18,3,"NWMT_AMPS_EAST","I","Base Case",-6.64094,"RTD"
"827","2024-05-02",18,4,"NWMT_AMPS_EAST","I","Base Case",-18.1034,"RTD"
"828","2024-05-02",18,5,"NWMT_AMPS_EAST","I","Base Case",-18.22486,"RTD"
"829","2024-05-02",18,6,"NWMT_AMPS_EAST","I","Base Case",-4.51247,"RTD"
"830","2024-05-02",18,7,"NWMT_AMPS_EAST","I","Base Case",-13.18781,"RTD"
"831","2024-05-02",18,8,"NWMT_AMPS_EAST","I","Base Case",-8.68815,"RTD"
"832","2024-05-02",18,9,"NWMT_AMPS_EAST","I","Base Case",-7.48965,"RTD"
"833","2024-05-02",18,10,"NWMT_AMPS_EAST","I","Base Case",-0.91165,"RTD"
"834","2024-05-02",19,1,"NWMT_AMPS_EAST","I","Base Case",-5.60749,"RTD"
"835","2024-05-02",19,2,"NWMT_AMPS_EAST","I","Base Case",-11.77444,"RTD"
"836","2024-05-02",19,3,"NWMT_AMPS_EAST","I","Base Case",-8.99568,"RTD"
"837","2024-05-02",19,4,"NWMT_AMPS_EAST","I","Base Case",-10.22667,"RTD"
"838","2024-05-02",19,5,"NWMT_AMPS_EAST","I","Base Case",-0.5512,"RTD"
"839","2024-05-02",19,7,"NWMT_AMPS_EAST","I","Base Case",-0.0012,"RTD"
"840","2024-05-02",19,8,"NWMT_AMPS_EAST","I","Base Case",-0.0012,"RTD"
"841","2024-05-02",19,9,"NWMT_AMPS_EAST","I","Base Case",-0.0012,"RTD"
"842","2024-05-02",19,10,"NWMT_AMPS_EAST","I","Base Case",-0.0012,"RTD"
"843","2024-05-02",19,11,"NWMT_AMPS_EAST","I","Base Case",-0.0012,"RTD"
"844","2024-05-02",20,12,"NWMT_AMPS_EAST","I","Base Case",-0.0024,"RTD"
"845","2024-05-02",21,1,"NWMT_AMPS_EAST","I","Base Case",-0.0024,"RTD"
"846","2024-05-02",21,2,"NWMT_AMPS_EAST","I","Base Case",-0.0024,"RTD"
"847","2024-05-02",21,3,"NWMT_AMPS_EAST","I","Base Case",-0.0036,"RTD"
"848","2024-05-02",21,4,"NWMT_AMPS_EAST","I","Base Case",-0.0036,"RTD"
"849","2024-05-02",4,9,"NWMT_AMPS_EAST","I","Base Case",-1.7122,"RTD"
"850","2024-05-02",4,10,"NWMT_AMPS_EAST","I","Base Case",-4.67811,"RTD"
"851","2024-05-02",4,11,"NWMT_AMPS_EAST","I","Base Case",-4.28586,"RTD"
"852","2024-05-02",5,1,"NWMT_AMPS_EAST","I","Base Case",-0.0012,"RTD"
"853","2024-05-02",3,2,"PARKER_ITC","I","Base Case",-4e-04,"RTD"
"854","2024-05-02",3,1,"PARKER_ITC","I","Base Case",-4e-04,"RTD"
"855","2024-05-02",3,4,"PARKER_ITC","I","Base Case",-4e-04,"RTD"
"856","2024-05-02",3,5,"PARKER_ITC","I","Base Case",-4e-04,"RTD"
"857","2024-05-02",3,6,"PARKER_ITC","I","Base Case",-4e-04,"RTD"
"858","2024-05-02",3,7,"PARKER_ITC","I","Base Case",-4e-04,"RTD"
"859","2024-05-02",3,8,"PARKER_ITC","I","Base Case",-4e-04,"RTD"
"860","2024-05-02",3,9,"PARKER_ITC","I","Base Case",-4e-04,"RTD"
"861","2024-05-02",3,10,"PARKER_ITC","I","Base Case",-4e-04,"RTD"
"862","2024-05-02",3,11,"PARKER_ITC","I","Base Case",-4e-04,"RTD"
"863","2024-05-02",3,12,"PARKER_ITC","I","Base Case",-4e-04,"RTD"
"864","2024-05-02",4,1,"PARKER_ITC","I","Base Case",-4e-04,"RTD"
"865","2024-05-02",4,2,"PARKER_ITC","I","Base Case",-4e-04,"RTD"
"866","2024-05-02",4,3,"PARKER_ITC","I","Base Case",-4e-04,"RTD"
"867","2024-05-02",4,4,"PARKER_ITC","I","Base Case",-4e-04,"RTD"
"868","2024-05-02",4,5,"PARKER_ITC","I","Base Case",-4e-04,"RTD"
"869","2024-05-02",4,6,"PARKER_ITC","I","Base Case",-4e-04,"RTD"
"870","2024-05-02",4,7,"PARKER_ITC","I","Base Case",-4e-04,"RTD"
"871","2024-05-02",4,8,"PARKER_ITC","I","Base Case",-4e-04,"RTD"
"872","2024-05-02",4,9,"PARKER_ITC","I","Base Case",-4e-04,"RTD"
"873","2024-05-02",4,10,"PARKER_ITC","I","Base Case",-4e-04,"RTD"
"874","2024-05-02",4,11,"PARKER_ITC","I","Base Case",-4e-04,"RTD"
"875","2024-05-02",4,12,"PARKER_ITC","I","Base Case",-4e-04,"RTD"
"876","2024-05-02",5,1,"PARKER_ITC","I","Base Case",-4e-04,"RTD"
"877","2024-05-02",5,2,"PARKER_ITC","I","Base Case",-4e-04,"RTD"
"878","2024-05-02",5,3,"PARKER_ITC","I","Base Case",-4e-04,"RTD"
"879","2024-05-02",2,12,"PARKER_ITC","I","Base Case",-4e-04,"RTD"
"880","2024-05-02",3,3,"PARKER_ITC","I","Base Case",-4e-04,"RTD"
"881","2024-05-02",7,2,"SRP_SYSTEM_ITC","E","Base Case",-19.03447,"RTD"
"882","2024-05-02",7,3,"SRP_SYSTEM_ITC","E","Base Case",-18.90855,"RTD"
"883","2024-05-02",7,4,"SRP_SYSTEM_ITC","E","Base Case",-5.32445,"RTD"
"884","2024-05-02",16,9,"SRP_SYSTEM_ITC","I","Base Case",-16.75195,"RTD"
"885","2024-05-02",7,7,"SRP_SYSTEM_ITC","E","Base Case",-8.89711,"RTD"
"886","2024-05-02",7,8,"SRP_SYSTEM_ITC","E","Base Case",-19.16355,"RTD"
"887","2024-05-02",8,4,"SRP_SYSTEM_ITC","E","Base Case",-182.337,"RTD"
"888","2024-05-02",7,5,"SRP_SYSTEM_ITC","E","Base Case",-8.48934,"RTD"
"889","2024-05-02",1,7,"TEPC_BA_EXP_ITC","E","Base Case",-0.0012,"RTD"
"890","2024-05-02",7,12,"TEPC_BA_EXP_ITC","E","Base Case",-4e-04,"RTD"
"891","2024-05-02",1,9,"TEPC_BA_EXP_ITC","E","Base Case",-0.0012,"RTD"
"892","2024-05-02",1,10,"TEPC_BA_EXP_ITC","E","Base Case",-4e-04,"RTD"
"893","2024-05-02",1,11,"TEPC_BA_EXP_ITC","E","Base Case",-0.0012,"RTD"
"894","2024-05-02",2,10,"TEPC_BA_EXP_ITC","E","Base Case",-12.15794,"RTD"
"895","2024-05-02",2,11,"TEPC_BA_EXP_ITC","E","Base Case",-12.32471,"RTD"
"896","2024-05-02",2,12,"TEPC_BA_EXP_ITC","E","Base Case",-10.22785,"RTD"
"897","2024-05-02",3,1,"TEPC_BA_EXP_ITC","E","Base Case",-1.68163,"RTD"
"898","2024-05-02",3,2,"TEPC_BA_EXP_ITC","E","Base Case",-0.002,"RTD"
"899","2024-05-02",3,3,"TEPC_BA_EXP_ITC","E","Base Case",-0.002,"RTD"
"900","2024-05-02",3,4,"TEPC_BA_EXP_ITC","E","Base Case",-14.83433,"RTD"
"901","2024-05-02",3,5,"TEPC_BA_EXP_ITC","E","Base Case",-15.82324,"RTD"
"902","2024-05-02",3,6,"TEPC_BA_EXP_ITC","E","Base Case",-17.06907,"RTD"
"903","2024-05-02",3,7,"TEPC_BA_EXP_ITC","E","Base Case",-18.50693,"RTD"
"904","2024-05-02",3,8,"TEPC_BA_EXP_ITC","E","Base Case",-18.72074,"RTD"
"905","2024-05-02",3,9,"TEPC_BA_EXP_ITC","E","Base Case",-18.56383,"RTD"
"906","2024-05-02",3,10,"TEPC_BA_EXP_ITC","E","Base Case",-20.62787,"RTD"
"907","2024-05-02",3,11,"TEPC_BA_EXP_ITC","E","Base Case",-20.12053,"RTD"
"908","2024-05-02",3,12,"TEPC_BA_EXP_ITC","E","Base Case",-20.62787,"RTD"
"909","2024-05-02",4,1,"TEPC_BA_EXP_ITC","E","Base Case",-0.94216,"RTD"
"910","2024-05-02",4,2,"TEPC_BA_EXP_ITC","E","Base Case",-0.002,"RTD"
"911","2024-05-02",4,4,"TEPC_BA_EXP_ITC","E","Base Case",-0.60261,"RTD"
"912","2024-05-02",4,5,"TEPC_BA_EXP_ITC","E","Base Case",-0.87461,"RTD"
"913","2024-05-02",4,6,"TEPC_BA_EXP_ITC","E","Base Case",-0.96967,"RTD"
"914","2024-05-02",4,7,"TEPC_BA_EXP_ITC","E","Base Case",-22.24006,"RTD"
"915","2024-05-02",4,8,"TEPC_BA_EXP_ITC","E","Base Case",-22.24006,"RTD"
"916","2024-05-02",4,9,"TEPC_BA_EXP_ITC","E","Base Case",-22.39899,"RTD"
"917","2024-05-02",4,10,"TEPC_BA_EXP_ITC","E","Base Case",-22.71162,"RTD"
"918","2024-05-02",4,11,"TEPC_BA_EXP_ITC","E","Base Case",-23.10387,"RTD"
"919","2024-05-02",4,12,"TEPC_BA_EXP_ITC","E","Base Case",-23.17711,"RTD"
"920","2024-05-02",5,1,"TEPC_BA_EXP_ITC","E","Base Case",-21.89299,"RTD"
"921","2024-05-02",5,2,"TEPC_BA_EXP_ITC","E","Base Case",-21.46925,"RTD"
"922","2024-05-02",5,3,"TEPC_BA_EXP_ITC","E","Base Case",-21.7602,"RTD"
"923","2024-05-02",5,4,"TEPC_BA_EXP_ITC","E","Base Case",-22.25998,"RTD"
"924","2024-05-02",5,5,"TEPC_BA_EXP_ITC","E","Base Case",-23.57936,"RTD"
"925","2024-05-02",5,6,"TEPC_BA_EXP_ITC","E","Base Case",-2.0307,"RTD"
"926","2024-05-02",5,7,"TEPC_BA_EXP_ITC","E","Base Case",-2.71315,"RTD"
"927","2024-05-02",5,8,"TEPC_BA_EXP_ITC","E","Base Case",-2.92751,"RTD"
"928","2024-05-02",5,9,"TEPC_BA_EXP_ITC","E","Base Case",-5.20196,"RTD"
"929","2024-05-02",5,10,"TEPC_BA_EXP_ITC","E","Base Case",-16.49443,"RTD"
"930","2024-05-02",1,8,"TEPC_BA_EXP_ITC","E","Base Case",-4e-04,"RTD"
"931","2024-05-02",17,3,"TEPC_BA_IMP_ITC","I","Base Case",-20.99188,"RTD"
"932","2024-05-02",17,4,"TEPC_BA_IMP_ITC","I","Base Case",-17.68669,"RTD"
"933","2024-05-02",17,5,"TEPC_BA_IMP_ITC","I","Base Case",-17.64457,"RTD"
"934","2024-05-02",17,6,"TEPC_BA_IMP_ITC","I","Base Case",-15.26361,"RTD"
"935","2024-05-02",17,7,"TEPC_BA_IMP_ITC","I","Base Case",-14.90627,"RTD"
"936","2024-05-02",17,8,"TEPC_BA_IMP_ITC","I","Base Case",-17.10795,"RTD"
"937","2024-05-02",17,9,"TEPC_BA_IMP_ITC","I","Base Case",-16.86913,"RTD"
"938","2024-05-02",17,10,"TEPC_BA_IMP_ITC","I","Base Case",-16.64208,"RTD"
"939","2024-05-02",17,11,"TEPC_BA_IMP_ITC","I","Base Case",-16.70183,"RTD"
"940","2024-05-02",17,12,"TEPC_BA_IMP_ITC","I","Base Case",-16.64617,"RTD"
"941","2024-05-02",18,1,"TEPC_BA_IMP_ITC","I","Base Case",-17.932,"RTD"
"942","2024-05-02",18,2,"TEPC_BA_IMP_ITC","I","Base Case",-18.47034,"RTD"
"943","2024-05-02",18,3,"TEPC_BA_IMP_ITC","I","Base Case",-17.96151,"RTD"
"944","2024-05-02",18,4,"TEPC_BA_IMP_ITC","I","Base Case",-17.38758,"RTD"
"945","2024-05-02",18,5,"TEPC_BA_IMP_ITC","I","Base Case",-17.40667,"RTD"
"946","2024-05-02",18,6,"TEPC_BA_IMP_ITC","I","Base Case",-8.04608,"RTD"
"947","2024-05-02",18,7,"TEPC_BA_IMP_ITC","I","Base Case",-6.40041,"RTD"
"948","2024-05-02",18,8,"TEPC_BA_IMP_ITC","I","Base Case",-5.66935,"RTD"
"949","2024-05-02",15,2,"TEPC_BA_IMP_ITC","I","Base Case",-0.45594,"RTD"
"950","2024-05-02",15,3,"TEPC_BA_IMP_ITC","I","Base Case",-7.54187,"RTD"
"951","2024-05-02",15,4,"TEPC_BA_IMP_ITC","I","Base Case",-1.07797,"RTD"
"952","2024-05-02",15,5,"TEPC_BA_IMP_ITC","I","Base Case",-4.69196,"RTD"
"953","2024-05-02",15,6,"TEPC_BA_IMP_ITC","I","Base Case",-4.14293,"RTD"
"954","2024-05-02",15,7,"TEPC_BA_IMP_ITC","I","Base Case",-6.66847,"RTD"
"955","2024-05-02",15,8,"TEPC_BA_IMP_ITC","I","Base Case",-6.92723,"RTD"
"956","2024-05-02",15,9,"TEPC_BA_IMP_ITC","I","Base Case",-11.05693,"RTD"
"957","2024-05-02",15,10,"TEPC_BA_IMP_ITC","I","Base Case",-15.39227,"RTD"
"958","2024-05-02",15,11,"TEPC_BA_IMP_ITC","I","Base Case",-13.45263,"RTD"
"959","2024-05-02",15,12,"TEPC_BA_IMP_ITC","I","Base Case",-13.41689,"RTD"
"960","2024-05-02",16,1,"TEPC_BA_IMP_ITC","I","Base Case",-10.41693,"RTD"
"961","2024-05-02",16,2,"TEPC_BA_IMP_ITC","I","Base Case",-7.08931,"RTD"
"962","2024-05-02",16,3,"TEPC_BA_IMP_ITC","I","Base Case",-12.72994,"RTD"
"963","2024-05-02",16,4,"TEPC_BA_IMP_ITC","I","Base Case",-11.25228,"RTD"
"964","2024-05-02",16,5,"TEPC_BA_IMP_ITC","I","Base Case",-13.15171,"RTD"
"965","2024-05-02",16,6,"TEPC_BA_IMP_ITC","I","Base Case",-9.2595,"RTD"
"966","2024-05-02",16,7,"TEPC_BA_IMP_ITC","I","Base Case",-9.41155,"RTD"
"967","2024-05-02",16,8,"TEPC_BA_IMP_ITC","I","Base Case",-9.27566,"RTD"
"968","2024-05-02",16,9,"TEPC_BA_IMP_ITC","I","Base Case",-13.07355,"RTD"
"969","2024-05-02",16,10,"TEPC_BA_IMP_ITC","I","Base Case",-12.52651,"RTD"
"970","2024-05-02",16,11,"TEPC_BA_IMP_ITC","I","Base Case",-12.5308,"RTD"
"971","2024-05-02",16,12,"TEPC_BA_IMP_ITC","I","Base Case",-13.16779,"RTD"
"972","2024-05-02",17,1,"TEPC_BA_IMP_ITC","I","Base Case",-14.48447,"RTD"
"973","2024-05-02",17,2,"TEPC_BA_IMP_ITC","I","Base Case",-14.88784,"RTD"
"974","2024-05-02",4,8,"TOTAL_WYOMING_EXPORT","E","Base Case",62.03651,"RTD"
"975","2024-05-02",4,9,"TOTAL_WYOMING_EXPORT","E","Base Case",62.18023,"RTD"
"976","2024-05-02",4,10,"TOTAL_WYOMING_EXPORT","E","Base Case",62.48843,"RTD"
"977","2024-05-02",4,11,"TOTAL_WYOMING_EXPORT","E","Base Case",62.84344,"RTD"
"978","2024-05-02",4,12,"TOTAL_WYOMING_EXPORT","E","Base Case",62.90972,"RTD"
"979","2024-05-02",5,1,"TOTAL_WYOMING_EXPORT","E","Base Case",33.42614,"RTD"
"980","2024-05-02",5,2,"TOTAL_WYOMING_EXPORT","E","Base Case",4.87784,"RTD"
"981","2024-05-02",5,3,"TOTAL_WYOMING_EXPORT","E","Base Case",61.76296,"RTD"
"982","2024-05-02",5,4,"TOTAL_WYOMING_EXPORT","E","Base Case",62.03726,"RTD"
"983","2024-05-02",5,5,"TOTAL_WYOMING_EXPORT","E","Base Case",68.15425,"RTD"
"984","2024-05-02",5,6,"TOTAL_WYOMING_EXPORT","E","Base Case",67.89556,"RTD"
"985","2024-05-02",5,7,"TOTAL_WYOMING_EXPORT","E","Base Case",68.45564,"RTD"
"986","2024-05-02",5,8,"TOTAL_WYOMING_EXPORT","E","Base Case",68.64881,"RTD"
"987","2024-05-02",5,9,"TOTAL_WYOMING_EXPORT","E","Base Case",70.69834,"RTD"
"988","2024-05-02",5,10,"TOTAL_WYOMING_EXPORT","E","Base Case",10.7233,"RTD"
"989","2024-05-02",5,12,"TOTAL_WYOMING_EXPORT","E","Base Case",68.61437,"RTD"
"990","2024-05-02",6,1,"TOTAL_WYOMING_EXPORT","E","Base Case",4.44605,"RTD"
"991","2024-05-02",6,2,"TOTAL_WYOMING_EXPORT","E","Base Case",62.03087,"RTD"
"992","2024-05-02",6,3,"TOTAL_WYOMING_EXPORT","E","Base Case",35.52187,"RTD"
"993","2024-05-02",6,5,"TOTAL_WYOMING_EXPORT","E","Base Case",8.91296,"RTD"
"994","2024-05-02",6,7,"TOTAL_WYOMING_EXPORT","E","Base Case",10.74492,"RTD"
"995","2024-05-02",6,8,"TOTAL_WYOMING_EXPORT","E","Base Case",43.18113,"RTD"
"996","2024-05-02",6,9,"TOTAL_WYOMING_EXPORT","E","Base Case",37.54124,"RTD"
"997","2024-05-02",6,10,"TOTAL_WYOMING_EXPORT","E","Base Case",26.89761,"RTD"
"998","2024-05-02",6,11,"TOTAL_WYOMING_EXPORT","E","Base Case",51.25609,"RTD"
"999","2024-05-02",6,12,"TOTAL_WYOMING_EXPORT","E","Base Case",16.81791,"RTD"
"1000","2024-05-02",7,1,"TOTAL_WYOMING_EXPORT","E","Base Case",40.31812,"RTD"
"1001","2024-05-02",7,2,"TOTAL_WYOMING_EXPORT","E","Base Case",14.2722,"RTD"
"1002","2024-05-02",7,3,"TOTAL_WYOMING_EXPORT","E","Base Case",35.438,"RTD"
"1003","2024-05-02",7,4,"TOTAL_WYOMING_EXPORT","E","Base Case",37.4142,"RTD"
"1004","2024-05-02",7,5,"TOTAL_WYOMING_EXPORT","E","Base Case",38.77094,"RTD"
"1005","2024-05-02",7,6,"TOTAL_WYOMING_EXPORT","E","Base Case",70.16,"RTD"
"1006","2024-05-02",7,7,"TOTAL_WYOMING_EXPORT","E","Base Case",69.22619,"RTD"
"1007","2024-05-02",7,8,"TOTAL_WYOMING_EXPORT","E","Base Case",64.13211,"RTD"
"1008","2024-05-02",7,9,"TOTAL_WYOMING_EXPORT","E","Base Case",25.25751,"RTD"
"1009","2024-05-02",7,10,"TOTAL_WYOMING_EXPORT","E","Base Case",2.18164,"RTD"
"1010","2024-05-02",3,10,"TOTAL_WYOMING_EXPORT","E","Base Case",1.94672,"RTD"
"1011","2024-05-02",3,11,"TOTAL_WYOMING_EXPORT","E","Base Case",1.45817,"RTD"
"1012","2024-05-02",3,12,"TOTAL_WYOMING_EXPORT","E","Base Case",2.64596,"RTD"
"1013","2024-05-02",4,1,"TOTAL_WYOMING_EXPORT","E","Base Case",4.67561,"RTD"
"1014","2024-05-02",4,2,"TOTAL_WYOMING_EXPORT","E","Base Case",59.40835,"RTD"
"1015","2024-05-02",4,3,"TOTAL_WYOMING_EXPORT","E","Base Case",61.92995,"RTD"
"1016","2024-05-02",4,4,"TOTAL_WYOMING_EXPORT","E","Base Case",62.1613,"RTD"
"1017","2024-05-02",4,5,"TOTAL_WYOMING_EXPORT","E","Base Case",62.16487,"RTD"
"1018","2024-05-02",4,6,"TOTAL_WYOMING_EXPORT","E","Base Case",62.25146,"RTD"
"1019","2024-05-02",7,11,"TOTAL_WYOMING_EXPORT","E","Base Case",47.36978,"RTD"
"1020","2024-05-02",7,12,"TOTAL_WYOMING_EXPORT","E","Base Case",41.86188,"RTD"
"1021","2024-05-02",11,3,"TOTAL_WYOMING_EXPORT","E","Base Case",7.06815,"RTD"
"1022","2024-05-02",11,4,"TOTAL_WYOMING_EXPORT","E","Base Case",56.41885,"RTD"
"1023","2024-05-02",11,5,"TOTAL_WYOMING_EXPORT","E","Base Case",56.08644,"RTD"
"1024","2024-05-02",11,6,"TOTAL_WYOMING_EXPORT","E","Base Case",55.42429,"RTD"
"1025","2024-05-02",11,7,"TOTAL_WYOMING_EXPORT","E","Base Case",30.99754,"RTD"
"1026","2024-05-02",11,8,"TOTAL_WYOMING_EXPORT","E","Base Case",31.33091,"RTD"
"1027","2024-05-02",11,9,"TOTAL_WYOMING_EXPORT","E","Base Case",28.76244,"RTD"
"1028","2024-05-02",11,10,"TOTAL_WYOMING_EXPORT","E","Base Case",9.32835,"RTD"
"1029","2024-05-02",11,11,"TOTAL_WYOMING_EXPORT","E","Base Case",28.05988,"RTD"
"1030","2024-05-02",12,1,"TOTAL_WYOMING_EXPORT","E","Base Case",30.15914,"RTD"
"1031","2024-05-02",12,2,"TOTAL_WYOMING_EXPORT","E","Base Case",30.04624,"RTD"
"1032","2024-05-02",12,3,"TOTAL_WYOMING_EXPORT","E","Base Case",28.84052,"RTD"
"1033","2024-05-02",12,4,"TOTAL_WYOMING_EXPORT","E","Base Case",29.37294,"RTD"
"1034","2024-05-02",12,5,"TOTAL_WYOMING_EXPORT","E","Base Case",29.73477,"RTD"
"1035","2024-05-02",12,6,"TOTAL_WYOMING_EXPORT","E","Base Case",29.25257,"RTD"
"1036","2024-05-02",12,7,"TOTAL_WYOMING_EXPORT","E","Base Case",29.05154,"RTD"
"1037","2024-05-02",12,8,"TOTAL_WYOMING_EXPORT","E","Base Case",29.10842,"RTD"
"1038","2024-05-02",12,9,"TOTAL_WYOMING_EXPORT","E","Base Case",28.54893,"RTD"
"1039","2024-05-02",12,10,"TOTAL_WYOMING_EXPORT","E","Base Case",9.93339,"RTD"
"1040","2024-05-02",12,11,"TOTAL_WYOMING_EXPORT","E","Base Case",28.90863,"RTD"
"1041","2024-05-02",13,2,"TOTAL_WYOMING_EXPORT","E","Base Case",26.8877,"RTD"
"1042","2024-05-02",13,3,"TOTAL_WYOMING_EXPORT","E","Base Case",22.84159,"RTD"
"1043","2024-05-02",13,4,"TOTAL_WYOMING_EXPORT","E","Base Case",24.5734,"RTD"
"1044","2024-05-02",13,5,"TOTAL_WYOMING_EXPORT","E","Base Case",25.54597,"RTD"
"1045","2024-05-02",13,6,"TOTAL_WYOMING_EXPORT","E","Base Case",25.2908,"RTD"
"1046","2024-05-02",13,7,"TOTAL_WYOMING_EXPORT","E","Base Case",26.90951,"RTD"
"1047","2024-05-02",13,8,"TOTAL_WYOMING_EXPORT","E","Base Case",27.18047,"RTD"
"1048","2024-05-02",13,9,"TOTAL_WYOMING_EXPORT","E","Base Case",26.93273,"RTD"
"1049","2024-05-02",13,10,"TOTAL_WYOMING_EXPORT","E","Base Case",22.45594,"RTD"
"1050","2024-05-02",13,11,"TOTAL_WYOMING_EXPORT","E","Base Case",23.07521,"RTD"
"1051","2024-05-02",13,12,"TOTAL_WYOMING_EXPORT","E","Base Case",26.10077,"RTD"
"1052","2024-05-02",14,4,"TOTAL_WYOMING_EXPORT","E","Base Case",17.50538,"RTD"
"1053","2024-05-02",14,5,"TOTAL_WYOMING_EXPORT","E","Base Case",22.54139,"RTD"
"1054","2024-05-02",14,6,"TOTAL_WYOMING_EXPORT","E","Base Case",21.83719,"RTD"
"1055","2024-05-02",14,7,"TOTAL_WYOMING_EXPORT","E","Base Case",22.344,"RTD"
"1056","2024-05-02",14,8,"TOTAL_WYOMING_EXPORT","E","Base Case",25.88101,"RTD"
"1057","2024-05-02",14,9,"TOTAL_WYOMING_EXPORT","E","Base Case",6.53509,"RTD"
"1058","2024-05-02",14,10,"TOTAL_WYOMING_EXPORT","E","Base Case",24.33543,"RTD"
"1059","2024-05-02",14,11,"TOTAL_WYOMING_EXPORT","E","Base Case",26.07606,"RTD"
"1060","2024-05-02",14,12,"TOTAL_WYOMING_EXPORT","E","Base Case",23.70454,"RTD"
"1061","2024-05-02",15,1,"TOTAL_WYOMING_EXPORT","E","Base Case",22.7699,"RTD"
"1062","2024-05-02",15,2,"TOTAL_WYOMING_EXPORT","E","Base Case",1.73911,"RTD"
"1063","2024-05-02",15,3,"TOTAL_WYOMING_EXPORT","E","Base Case",17.90496,"RTD"
"1064","2024-05-02",15,4,"TOTAL_WYOMING_EXPORT","E","Base Case",18.05581,"RTD"
"1065","2024-05-02",15,5,"TOTAL_WYOMING_EXPORT","E","Base Case",20.42702,"RTD"
"1066","2024-05-02",15,6,"TOTAL_WYOMING_EXPORT","E","Base Case",21.50367,"RTD"
"1067","2024-05-02",15,7,"TOTAL_WYOMING_EXPORT","E","Base Case",2.99778,"RTD"
"1068","2024-05-02",15,8,"TOTAL_WYOMING_EXPORT","E","Base Case",3.25579,"RTD"
"1069","2024-05-02",15,9,"TOTAL_WYOMING_EXPORT","E","Base Case",4.30267,"RTD"
"1070","2024-05-02",15,10,"TOTAL_WYOMING_EXPORT","E","Base Case",17.42534,"RTD"
"1071","2024-05-02",15,11,"TOTAL_WYOMING_EXPORT","E","Base Case",0.99938,"RTD"
"1072","2024-05-02",15,12,"TOTAL_WYOMING_EXPORT","E","Base Case",3.75864,"RTD"
"1073","2024-05-02",4,7,"TOTAL_WYOMING_EXPORT","E","Base Case",62.03651,"RTD"
"1074","2024-05-02",14,11,"WALC_NET_DYN_ETSR_IMPORT_ITC","I","Base Case",-4e-04,"RTD"
"1075","2024-05-02",16,10,"WALC_NET_DYN_ETSR_IMPORT_ITC","I","Base Case",-4e-04,"RTD"
"1076","2024-05-02",18,5,"WALC_NET_DYN_ETSR_IMPORT_ITC","I","Base Case",-4e-04,"RTD"
"1077","2024-05-02",18,4,"WALC_NET_DYN_ETSR_IMPORT_ITC","I","Base Case",-4e-04,"RTD"
"1078","2024-05-02",17,12,"WALC_NET_DYN_ETSR_IMPORT_ITC","I","Base Case",-4e-04,"RTD"
"1079","2024-05-02",17,11,"WALC_NET_DYN_ETSR_IMPORT_ITC","I","Base Case",-4e-04,"RTD"
"1080","2024-05-02",17,10,"WALC_NET_DYN_ETSR_IMPORT_ITC","I","Base Case",-4e-04,"RTD"
"1081","2024-05-02",17,9,"WALC_NET_DYN_ETSR_IMPORT_ITC","I","Base Case",-4e-04,"RTD"
"1082","2024-05-02",17,8,"WALC_NET_DYN_ETSR_IMPORT_ITC","I","Base Case",-4e-04,"RTD"
"1083","2024-05-02",17,7,"WALC_NET_DYN_ETSR_IMPORT_ITC","I","Base Case",-4e-04,"RTD"
"1084","2024-05-02",17,6,"WALC_NET_DYN_ETSR_IMPORT_ITC","I","Base Case",-4e-04,"RTD"
"1085","2024-05-02",17,5,"WALC_NET_DYN_ETSR_IMPORT_ITC","I","Base Case",-4e-04,"RTD"
"1086","2024-05-02",17,4,"WALC_NET_DYN_ETSR_IMPORT_ITC","I","Base Case",-4e-04,"RTD"
"1087","2024-05-02",17,3,"WALC_NET_DYN_ETSR_IMPORT_ITC","I","Base Case",-4e-04,"RTD"
"1088","2024-05-02",17,2,"WALC_NET_DYN_ETSR_IMPORT_ITC","I","Base Case",-4e-04,"RTD"
"1089","2024-05-02",17,1,"WALC_NET_DYN_ETSR_IMPORT_ITC","I","Base Case",-4e-04,"RTD"
"1090","2024-05-02",16,12,"WALC_NET_DYN_ETSR_IMPORT_ITC","I","Base Case",-4e-04,"RTD"
"1091","2024-05-02",16,11,"WALC_NET_DYN_ETSR_IMPORT_ITC","I","Base Case",-4e-04,"RTD"
"1092","2024-05-02",15,3,"WALC_NET_DYN_ETSR_IMPORT_ITC","I","Base Case",-4e-04,"RTD"
"1093","2024-05-02",15,7,"WALC_NET_DYN_ETSR_IMPORT_ITC","I","Base Case",-4e-04,"RTD"
"1094","2024-05-02",15,8,"WALC_NET_DYN_ETSR_IMPORT_ITC","I","Base Case",-4e-04,"RTD"
"1095","2024-05-02",15,9,"WALC_NET_DYN_ETSR_IMPORT_ITC","I","Base Case",-4e-04,"RTD"
"1096","2024-05-02",15,10,"WALC_NET_DYN_ETSR_IMPORT_ITC","I","Base Case",-4e-04,"RTD"
"1097","2024-05-02",15,11,"WALC_NET_DYN_ETSR_IMPORT_ITC","I","Base Case",-4e-04,"RTD"
"1098","2024-05-02",15,12,"WALC_NET_DYN_ETSR_IMPORT_ITC","I","Base Case",-4e-04,"RTD"
"1099","2024-05-02",16,1,"WALC_NET_DYN_ETSR_IMPORT_ITC","I","Base Case",-4e-04,"RTD"
"1100","2024-05-02",16,2,"WALC_NET_DYN_ETSR_IMPORT_ITC","I","Base Case",-4e-04,"RTD"
"1101","2024-05-02",16,3,"WALC_NET_DYN_ETSR_IMPORT_ITC","I","Base Case",-4e-04,"RTD"
"1102","2024-05-02",16,4,"WALC_NET_DYN_ETSR_IMPORT_ITC","I","Base Case",-4e-04,"RTD"
"1103","2024-05-02",16,5,"WALC_NET_DYN_ETSR_IMPORT_ITC","I","Base Case",-4e-04,"RTD"
"1104","2024-05-02",16,6,"WALC_NET_DYN_ETSR_IMPORT_ITC","I","Base Case",-4e-04,"RTD"
"1105","2024-05-02",16,7,"WALC_NET_DYN_ETSR_IMPORT_ITC","I","Base Case",-4e-04,"RTD"
"1106","2024-05-02",16,8,"WALC_NET_DYN_ETSR_IMPORT_ITC","I","Base Case",-4e-04,"RTD"
"1107","2024-05-02",16,9,"WALC_NET_DYN_ETSR_IMPORT_ITC","I","Base Case",-4e-04,"RTD"
"1108","2024-05-02",18,6,"WALC_NET_DYN_ETSR_IMPORT_ITC","I","Base Case",-4e-04,"RTD"
"1109","2024-05-02",9,1,"WINDSTAR EXPORT TCOR","E","Base Case",13.32779,"RTD"
"1110","2024-05-02",11,2,"WINDSTAR EXPORT TCOR","E","Base Case",9.97196,"RTD"
"1111","2024-05-02",11,1,"WINDSTAR EXPORT TCOR","E","Base Case",7.15329,"RTD"
"1112","2024-05-02",10,10,"WINDSTAR EXPORT TCOR","E","Base Case",24.58407,"RTD"
"1113","2024-05-02",10,7,"WINDSTAR EXPORT TCOR","E","Base Case",32.64144,"RTD"
"1114","2024-05-02",10,6,"WINDSTAR EXPORT TCOR","E","Base Case",36.89532,"RTD"
"1115","2024-05-02",10,5,"WINDSTAR EXPORT TCOR","E","Base Case",45.00054,"RTD"
"1116","2024-05-02",10,4,"WINDSTAR EXPORT TCOR","E","Base Case",45.91216,"RTD"
"1117","2024-05-02",10,3,"WINDSTAR EXPORT TCOR","E","Base Case",46.29539,"RTD"
"1118","2024-05-02",10,2,"WINDSTAR EXPORT TCOR","E","Base Case",48.63569,"RTD"
"1119","2024-05-02",9,12,"WINDSTAR EXPORT TCOR","E","Base Case",10.11494,"RTD"
"1120","2024-05-02",9,11,"WINDSTAR EXPORT TCOR","E","Base Case",27.25364,"RTD"
"1121","2024-05-02",9,10,"WINDSTAR EXPORT TCOR","E","Base Case",27.08904,"RTD"
"1122","2024-05-02",9,9,"WINDSTAR EXPORT TCOR","E","Base Case",26.98181,"RTD"
"1123","2024-05-02",9,8,"WINDSTAR EXPORT TCOR","E","Base Case",27.59216,"RTD"
"1124","2024-05-02",9,7,"WINDSTAR EXPORT TCOR","E","Base Case",24.84212,"RTD"
"1125","2024-05-02",9,3,"WINDSTAR EXPORT TCOR","E","Base Case",17.97997,"RTD"
"1126","2024-05-02",9,4,"WINDSTAR EXPORT TCOR","E","Base Case",18.20012,"RTD"
"1127","2024-05-02",9,6,"WINDSTAR EXPORT TCOR","E","Base Case",5.23323,"RTD"
