"","OPR_DT","OPR_HR","OPR_INTERVAL","TI_ID","TI_DIRECTION","CONSTRAINT_CAUSE","MW","MARKET_RUN_ID"
"1","2024-05-01",14,1,"BLYTHE_ITC","E","Base Case",-8e-04,"RTPD"
"2","2024-05-01",18,1,"BLYTHE_ITC","E","Base Case",-4e-04,"RTPD"
"3","2024-05-01",9,2,"BLYTHE_ITC","E","Base Case",-4e-04,"RTPD"
"4","2024-05-01",14,2,"BLYTHE_ITC","E","Base Case",-4e-04,"RTPD"
"5","2024-05-01",18,2,"BLYTHE_ITC","E","Base Case",-4e-04,"RTPD"
"6","2024-05-01",9,3,"BLYTHE_ITC","E","Base Case",-4e-04,"RTPD"
"7","2024-05-01",14,3,"BLYTHE_ITC","E","Base Case",-4e-04,"RTPD"
"8","2024-05-01",17,3,"BLYTHE_ITC","E","Base Case",-4e-04,"RTPD"
"9","2024-05-01",18,3,"BLYTHE_ITC","E","Base Case",-4e-04,"RTPD"
"10","2024-05-01",9,4,"BLYTHE_ITC","E","Base Case",-4e-04,"RTPD"
"11","2024-05-01",14,4,"BLYTHE_ITC","E","Base Case",-4e-04,"RTPD"
"12","2024-05-01",17,4,"BLYTHE_ITC","E","Base Case",-4e-04,"RTPD"
"13","2024-05-01",15,1,"EPE_SNMIC_ITC","I","Base Case",-14.72761,"RTPD"
"14","2024-05-01",17,1,"EPE_SNMIC_ITC","I","Base Case",-16.7416,"RTPD"
"15","2024-05-01",18,1,"EPE_SNMIC_ITC","I","Base Case",-13.4683,"RTPD"
"16","2024-05-01",15,2,"EPE_SNMIC_ITC","I","Base Case",-16.61861,"RTPD"
"17","2024-05-01",17,2,"EPE_SNMIC_ITC","I","Base Case",-15.20972,"RTPD"
"18","2024-05-01",18,2,"EPE_SNMIC_ITC","I","Base Case",-5.3979,"RTPD"
"19","2024-05-01",15,3,"EPE_SNMIC_ITC","I","Base Case",-17.40915,"RTPD"
"20","2024-05-01",17,3,"EPE_SNMIC_ITC","I","Base Case",-13.76122,"RTPD"
"21","2024-05-01",17,4,"EPE_SNMIC_ITC","I","Base Case",-9.62923,"RTPD"
"22","2024-05-01",8,1,"LDWP_IPP_NORTH","E","Base Case",-11.01074,"RTPD"
"23","2024-05-01",17,1,"LDWP_IPP_NORTH","E","Base Case",-3.62046,"RTPD"
"24","2024-05-01",19,1,"LDWP_IPP_NORTH","E","Base Case",-1.57341,"RTPD"
"25","2024-05-01",8,2,"LDWP_IPP_NORTH","E","Base Case",-17.23721,"RTPD"
"26","2024-05-01",17,2,"LDWP_IPP_NORTH","E","Base Case",-5.57997,"RTPD"
"27","2024-05-01",8,3,"LDWP_IPP_NORTH","E","Base Case",-28.81166,"RTPD"
"28","2024-05-01",17,3,"LDWP_IPP_NORTH","E","Base Case",-6.38197,"RTPD"
"29","2024-05-01",18,3,"LDWP_IPP_NORTH","E","Base Case",-3.42838,"RTPD"
"30","2024-05-01",7,4,"LDWP_IPP_NORTH","E","Base Case",-5.51628,"RTPD"
"31","2024-05-01",8,4,"LDWP_IPP_NORTH","E","Base Case",-5.35548,"RTPD"
"32","2024-05-01",17,4,"LDWP_IPP_NORTH","E","Base Case",-9.95418,"RTPD"
"33","2024-05-01",18,4,"LDWP_IPP_NORTH","E","Base Case",-1.71857,"RTPD"
"34","2024-05-01",18,2,"Line_MA-OD_69KV","I","AP1 AR-OD 69",90.41628,"RTPD"
"35","2024-05-01",10,1,"MALIN500_ISL","E","Base Case",-8.21318,"RTPD"
"36","2024-05-01",12,1,"MALIN500_ISL","E","Base Case",-20.92446,"RTPD"
"37","2024-05-01",13,1,"MALIN500_ISL","E","Base Case",-22.31263,"RTPD"
"38","2024-05-01",10,2,"MALIN500_ISL","E","Base Case",-13.09946,"RTPD"
"39","2024-05-01",12,2,"MALIN500_ISL","E","Base Case",-20.07814,"RTPD"
"40","2024-05-01",13,2,"MALIN500_ISL","E","Base Case",-22.08178,"RTPD"
"41","2024-05-01",12,3,"MALIN500_ISL","E","Base Case",-27.02921,"RTPD"
"42","2024-05-01",9,1,"ME-JF 138","I","VE1 VEAVST-PAHRUM 138",78.98057,"RTPD"
"43","2024-05-01",10,1,"ME-JF 138","I","VE1 VEAVST-PAHRUM 138",69.18119,"RTPD"
"44","2024-05-01",11,1,"ME-JF 138","I","VE1 VEAVST-PAHRUM 138",59.39833,"RTPD"
"45","2024-05-01",12,1,"ME-JF 138","I","VE1 VEAVST-PAHRUM 138",58.99231,"RTPD"
"46","2024-05-01",13,1,"ME-JF 138","I","VE1 VEAVST-PAHRUM 138",59.13238,"RTPD"
"47","2024-05-01",14,1,"ME-JF 138","I","VE1 VEAVST-PAHRUM 138",59.16519,"RTPD"
"48","2024-05-01",15,1,"ME-JF 138","I","VE1 VEAVST-PAHRUM 138",132.61562,"RTPD"
"49","2024-05-01",16,1,"ME-JF 138","I","VE1 VEAVST-PAHRUM 138",55.61018,"RTPD"
"50","2024-05-01",17,1,"ME-JF 138","I","VE1 VEAVST-PAHRUM 138",55.07994,"RTPD"
"51","2024-05-01",18,1,"ME-JF 138","I","VE1 VEAVST-PAHRUM 138",58.70242,"RTPD"
"52","2024-05-01",8,2,"ME-JF 138","I","VE1 VEAVST-PAHRUM 138",81.90617,"RTPD"
"53","2024-05-01",9,2,"ME-JF 138","I","VE1 VEAVST-PAHRUM 138",78.9166,"RTPD"
"54","2024-05-01",11,2,"ME-JF 138","I","VE1 VEAVST-PAHRUM 138",59.36275,"RTPD"
"55","2024-05-01",12,2,"ME-JF 138","I","VE1 VEAVST-PAHRUM 138",59.12885,"RTPD"
"56","2024-05-01",13,2,"ME-JF 138","I","VE1 VEAVST-PAHRUM 138",59.2157,"RTPD"
"57","2024-05-01",14,2,"ME-JF 138","I","VE1 VEAVST-PAHRUM 138",58.69643,"RTPD"
"58","2024-05-01",15,2,"ME-JF 138","I","VE1 VEAVST-PAHRUM 138",55.84427,"RTPD"
"59","2024-05-01",16,2,"ME-JF 138","I","VE1 VEAVST-PAHRUM 138",55.74281,"RTPD"
"60","2024-05-01",17,2,"ME-JF 138","I","VE1 VEAVST-PAHRUM 138",56.06125,"RTPD"
"61","2024-05-01",18,2,"ME-JF 138","I","VE1 VEAVST-PAHRUM 138",140.81532,"RTPD"
"62","2024-05-01",8,3,"ME-JF 138","I","VE1 VEAVST-PAHRUM 138",74.32474,"RTPD"
"63","2024-05-01",9,3,"ME-JF 138","I","VE1 VEAVST-PAHRUM 138",77.13114,"RTPD"
"64","2024-05-01",11,3,"ME-JF 138","I","VE1 VEAVST-PAHRUM 138",59.28179,"RTPD"
"65","2024-05-01",12,3,"ME-JF 138","I","VE1 VEAVST-PAHRUM 138",56.44218,"RTPD"
"66","2024-05-01",13,3,"ME-JF 138","I","VE1 VEAVST-PAHRUM 138",58.71541,"RTPD"
"67","2024-05-01",14,3,"ME-JF 138","I","VE1 VEAVST-PAHRUM 138",57.25508,"RTPD"
"68","2024-05-01",15,3,"ME-JF 138","I","VE1 VEAVST-PAHRUM 138",55.15199,"RTPD"
"69","2024-05-01",16,3,"ME-JF 138","I","VE1 VEAVST-PAHRUM 138",58.71334,"RTPD"
"70","2024-05-01",17,3,"ME-JF 138","I","VE1 VEAVST-PAHRUM 138",132.16586,"RTPD"
"71","2024-05-01",18,3,"ME-JF 138","I","VE1 VEAVST-PAHRUM 138",73.2174,"RTPD"
"72","2024-05-01",9,4,"ME-JF 138","I","VE1 VEAVST-PAHRUM 138",67.49612,"RTPD"
"73","2024-05-01",10,4,"ME-JF 138","I","VE1 VEAVST-PAHRUM 138",59.24343,"RTPD"
"74","2024-05-01",11,4,"ME-JF 138","I","VE1 VEAVST-PAHRUM 138",56.37252,"RTPD"
"75","2024-05-01",12,4,"ME-JF 138","I","VE1 VEAVST-PAHRUM 138",58.17797,"RTPD"
"76","2024-05-01",13,4,"ME-JF 138","I","VE1 VEAVST-PAHRUM 138",58.67406,"RTPD"
"77","2024-05-01",14,4,"ME-JF 138","I","VE1 VEAVST-PAHRUM 138",56.02786,"RTPD"
"78","2024-05-01",15,4,"ME-JF 138","I","VE1 VEAVST-PAHRUM 138",55.26092,"RTPD"
"79","2024-05-01",16,4,"ME-JF 138","I","VE1 VEAVST-PAHRUM 138",58.99628,"RTPD"
"80","2024-05-01",17,4,"ME-JF 138","I","VE1 VEAVST-PAHRUM 138",60.1029,"RTPD"
"81","2024-05-01",9,1,"NWMT_AMPS_EAST","I","Base Case",-20.67699,"RTPD"
"82","2024-05-01",17,1,"NWMT_AMPS_EAST","I","Base Case",-25.58832,"RTPD"
"83","2024-05-01",18,1,"NWMT_AMPS_EAST","I","Base Case",-43.74231,"RTPD"
"84","2024-05-01",19,1,"NWMT_AMPS_EAST","I","Base Case",-6.38295,"RTPD"
"85","2024-05-01",8,2,"NWMT_AMPS_EAST","I","Base Case",-8.53547,"RTPD"
"86","2024-05-01",9,2,"NWMT_AMPS_EAST","I","Base Case",-3.06125,"RTPD"
"87","2024-05-01",17,2,"NWMT_AMPS_EAST","I","Base Case",-13.06587,"RTPD"
"88","2024-05-01",18,2,"NWMT_AMPS_EAST","I","Base Case",-35.66794,"RTPD"
"89","2024-05-01",19,2,"NWMT_AMPS_EAST","I","Base Case",-3.58139,"RTPD"
"90","2024-05-01",9,3,"NWMT_AMPS_EAST","I","Base Case",-6.96468,"RTPD"
"91","2024-05-01",17,3,"NWMT_AMPS_EAST","I","Base Case",-5.76317,"RTPD"
"92","2024-05-01",18,3,"NWMT_AMPS_EAST","I","Base Case",-20.54379,"RTPD"
"93","2024-05-01",8,4,"NWMT_AMPS_EAST","I","Base Case",-13.70022,"RTPD"
"94","2024-05-01",9,4,"NWMT_AMPS_EAST","I","Base Case",-15.58957,"RTPD"
"95","2024-05-01",18,4,"NWMT_AMPS_EAST","I","Base Case",-18.01016,"RTPD"
"96","2024-05-01",9,2,"PACE_FOURCORNE345_ITC","I","Base Case",-0.5465,"RTPD"
"97","2024-05-01",5,1,"PACE_PATHC_ITC","I","Base Case",-0.0012,"RTPD"
"98","2024-05-01",5,2,"PACE_PATHC_ITC","I","Base Case",-0.0012,"RTPD"
"99","2024-05-01",8,2,"PALOVRDE_ITC","I","Base Case",-0.0012,"RTPD"
"100","2024-05-01",10,1,"PARKER_ITC","E","Base Case",-4e-04,"RTPD"
"101","2024-05-01",11,1,"PARKER_ITC","E","Base Case",-0.0012,"RTPD"
"102","2024-05-01",12,1,"PARKER_ITC","E","Base Case",-4e-04,"RTPD"
"103","2024-05-01",13,1,"PARKER_ITC","E","Base Case",-0.0012,"RTPD"
"104","2024-05-01",14,1,"PARKER_ITC","E","Base Case",-8e-04,"RTPD"
"105","2024-05-01",18,1,"PARKER_ITC","E","Base Case",-4e-04,"RTPD"
"106","2024-05-01",9,2,"PARKER_ITC","E","Base Case",-4e-04,"RTPD"
"107","2024-05-01",10,2,"PARKER_ITC","E","Base Case",-4e-04,"RTPD"
"108","2024-05-01",11,2,"PARKER_ITC","E","Base Case",-0.0012,"RTPD"
"109","2024-05-01",12,2,"PARKER_ITC","E","Base Case",-4e-04,"RTPD"
"110","2024-05-01",13,2,"PARKER_ITC","E","Base Case",-0.0012,"RTPD"
"111","2024-05-01",14,2,"PARKER_ITC","E","Base Case",-4e-04,"RTPD"
"112","2024-05-01",18,2,"PARKER_ITC","E","Base Case",-4e-04,"RTPD"
"113","2024-05-01",9,3,"PARKER_ITC","E","Base Case",-4e-04,"RTPD"
"114","2024-05-01",10,3,"PARKER_ITC","E","Base Case",-4e-04,"RTPD"
"115","2024-05-01",11,3,"PARKER_ITC","E","Base Case",-0.0012,"RTPD"
"116","2024-05-01",12,3,"PARKER_ITC","E","Base Case",-4e-04,"RTPD"
"117","2024-05-01",13,3,"PARKER_ITC","E","Base Case",-0.0012,"RTPD"
"118","2024-05-01",14,3,"PARKER_ITC","E","Base Case",-4e-04,"RTPD"
"119","2024-05-01",17,3,"PARKER_ITC","E","Base Case",-4e-04,"RTPD"
"120","2024-05-01",18,3,"PARKER_ITC","E","Base Case",-4e-04,"RTPD"
"121","2024-05-01",9,4,"PARKER_ITC","E","Base Case",-4e-04,"RTPD"
"122","2024-05-01",10,4,"PARKER_ITC","E","Base Case",-4e-04,"RTPD"
"123","2024-05-01",11,4,"PARKER_ITC","E","Base Case",-0.0012,"RTPD"
"124","2024-05-01",12,4,"PARKER_ITC","E","Base Case",-0.0012,"RTPD"
"125","2024-05-01",13,4,"PARKER_ITC","E","Base Case",-0.0012,"RTPD"
"126","2024-05-01",14,4,"PARKER_ITC","E","Base Case",-4e-04,"RTPD"
"127","2024-05-01",17,4,"PARKER_ITC","E","Base Case",-4e-04,"RTPD"
"128","2024-05-01",7,1,"SRP_SYSTEM_ITC","E","Base Case",-3.79929,"RTPD"
"129","2024-05-01",8,1,"SRP_SYSTEM_ITC","E","Base Case",-4.02236,"RTPD"
"130","2024-05-01",16,1,"SRP_SYSTEM_ITC","I","Base Case",-25.53357,"RTPD"
"131","2024-05-01",17,1,"SRP_SYSTEM_ITC","I","Base Case",-25.56153,"RTPD"
"132","2024-05-01",7,2,"SRP_SYSTEM_ITC","E","Base Case",-22.82837,"RTPD"
"133","2024-05-01",15,2,"SRP_SYSTEM_ITC","I","Base Case",-24.59907,"RTPD"
"134","2024-05-01",16,2,"SRP_SYSTEM_ITC","I","Base Case",-25.36195,"RTPD"
"135","2024-05-01",18,2,"SRP_SYSTEM_ITC","I","Base Case",-13.24612,"RTPD"
"136","2024-05-01",16,3,"SRP_SYSTEM_ITC","I","Base Case",-44.26137,"RTPD"
"137","2024-05-01",15,4,"SRP_SYSTEM_ITC","I","Base Case",-25.86068,"RTPD"
"138","2024-05-01",16,4,"SRP_SYSTEM_ITC","I","Base Case",-21.76346,"RTPD"
"139","2024-05-01",14,1,"TEPC_BA_IMP_ITC","I","Base Case",-12.86247,"RTPD"
"140","2024-05-01",16,1,"TEPC_BA_IMP_ITC","I","Base Case",-22.5224,"RTPD"
"141","2024-05-01",17,1,"TEPC_BA_IMP_ITC","I","Base Case",-23.55009,"RTPD"
"142","2024-05-01",18,1,"TEPC_BA_IMP_ITC","I","Base Case",-19.23628,"RTPD"
"143","2024-05-01",19,1,"TEPC_BA_IMP_ITC","I","Base Case",-0.09024,"RTPD"
"144","2024-05-01",16,2,"TEPC_BA_IMP_ITC","I","Base Case",-23.14698,"RTPD"
"145","2024-05-01",17,2,"TEPC_BA_IMP_ITC","I","Base Case",-1009.26154,"RTPD"
"146","2024-05-01",18,2,"TEPC_BA_IMP_ITC","I","Base Case",-11.43923,"RTPD"
"147","2024-05-01",14,3,"TEPC_BA_IMP_ITC","I","Base Case",-8e-04,"RTPD"
"148","2024-05-01",16,3,"TEPC_BA_IMP_ITC","I","Base Case",-19.34261,"RTPD"
"149","2024-05-01",17,3,"TEPC_BA_IMP_ITC","I","Base Case",-150.4468,"RTPD"
"150","2024-05-01",18,3,"TEPC_BA_IMP_ITC","I","Base Case",-2.51814,"RTPD"
"151","2024-05-01",14,4,"TEPC_BA_IMP_ITC","I","Base Case",-16.43159,"RTPD"
"152","2024-05-01",15,4,"TEPC_BA_IMP_ITC","I","Base Case",-17.35203,"RTPD"
"153","2024-05-01",16,4,"TEPC_BA_IMP_ITC","I","Base Case",-19.48707,"RTPD"
"154","2024-05-01",17,4,"TEPC_BA_IMP_ITC","I","Base Case",-17.4764,"RTPD"
"155","2024-05-01",19,1,"TOTAL_WYOMING_EXPORT","E","Base Case",32.5309,"RTPD"
"156","2024-05-01",20,1,"TOTAL_WYOMING_EXPORT","E","Base Case",29.29002,"RTPD"
"157","2024-05-01",21,1,"TOTAL_WYOMING_EXPORT","E","Base Case",35.63499,"RTPD"
"158","2024-05-01",22,1,"TOTAL_WYOMING_EXPORT","E","Base Case",66.54757,"RTPD"
"159","2024-05-01",23,1,"TOTAL_WYOMING_EXPORT","E","Base Case",33.79077,"RTPD"
"160","2024-05-01",24,1,"TOTAL_WYOMING_EXPORT","E","Base Case",3.52935,"RTPD"
"161","2024-05-01",19,2,"TOTAL_WYOMING_EXPORT","E","Base Case",11.42512,"RTPD"
"162","2024-05-01",20,2,"TOTAL_WYOMING_EXPORT","E","Base Case",2.26416,"RTPD"
"163","2024-05-01",21,2,"TOTAL_WYOMING_EXPORT","E","Base Case",20.14939,"RTPD"
"164","2024-05-01",22,2,"TOTAL_WYOMING_EXPORT","E","Base Case",64.51039,"RTPD"
"165","2024-05-01",23,2,"TOTAL_WYOMING_EXPORT","E","Base Case",33.14746,"RTPD"
"166","2024-05-01",24,2,"TOTAL_WYOMING_EXPORT","E","Base Case",2.35135,"RTPD"
"167","2024-05-01",19,3,"TOTAL_WYOMING_EXPORT","E","Base Case",29.1805,"RTPD"
"168","2024-05-01",20,3,"TOTAL_WYOMING_EXPORT","E","Base Case",18.85052,"RTPD"
"169","2024-05-01",21,3,"TOTAL_WYOMING_EXPORT","E","Base Case",19.76461,"RTPD"
"170","2024-05-01",22,3,"TOTAL_WYOMING_EXPORT","E","Base Case",31.6104,"RTPD"
"171","2024-05-01",23,3,"TOTAL_WYOMING_EXPORT","E","Base Case",31.67591,"RTPD"
"172","2024-05-01",24,3,"TOTAL_WYOMING_EXPORT","E","Base Case",5.51113,"RTPD"
"173","2024-05-01",19,4,"TOTAL_WYOMING_EXPORT","E","Base Case",43.32661,"RTPD"
"174","2024-05-01",20,4,"TOTAL_WYOMING_EXPORT","E","Base Case",34.49999,"RTPD"
"175","2024-05-01",21,4,"TOTAL_WYOMING_EXPORT","E","Base Case",28.79127,"RTPD"
"176","2024-05-01",22,4,"TOTAL_WYOMING_EXPORT","E","Base Case",17.43093,"RTPD"
"177","2024-05-01",23,4,"TOTAL_WYOMING_EXPORT","E","Base Case",29.33333,"RTPD"
"178","2024-05-01",15,1,"WALC_NET_DYN_ETSR_IMPORT_ITC","I","Base Case",-4e-04,"RTPD"
"179","2024-05-01",16,1,"WALC_NET_DYN_ETSR_IMPORT_ITC","I","Base Case",-4e-04,"RTPD"
"180","2024-05-01",17,1,"WALC_NET_DYN_ETSR_IMPORT_ITC","I","Base Case",-4e-04,"RTPD"
"181","2024-05-01",15,2,"WALC_NET_DYN_ETSR_IMPORT_ITC","I","Base Case",-4e-04,"RTPD"
"182","2024-05-01",16,2,"WALC_NET_DYN_ETSR_IMPORT_ITC","I","Base Case",-4e-04,"RTPD"
"183","2024-05-01",17,2,"WALC_NET_DYN_ETSR_IMPORT_ITC","I","Base Case",-4e-04,"RTPD"
"184","2024-05-01",15,3,"WALC_NET_DYN_ETSR_IMPORT_ITC","I","Base Case",-4e-04,"RTPD"
"185","2024-05-01",16,3,"WALC_NET_DYN_ETSR_IMPORT_ITC","I","Base Case",-4e-04,"RTPD"
"186","2024-05-01",15,4,"WALC_NET_DYN_ETSR_IMPORT_ITC","I","Base Case",-4e-04,"RTPD"
"187","2024-05-01",16,4,"WALC_NET_DYN_ETSR_IMPORT_ITC","I","Base Case",-4e-04,"RTPD"
"188","2024-05-01",11,3,"WINDSTAR EXPORT TCOR","E","Base Case",23.38897,"RTPD"
"189","2024-05-01",17,4,"WINDSTAR EXPORT TCOR","E","Base Case",5.97716,"RTPD"
"190","2024-05-02",8,1,"AEOLUS_EXP","E","Base Case",85.14637,"RTPD"
"191","2024-05-02",9,1,"AEOLUS_EXP","E","Base Case",75.03171,"RTPD"
"192","2024-05-02",10,1,"AEOLUS_EXP","E","Base Case",86.05987,"RTPD"
"193","2024-05-02",11,1,"AEOLUS_EXP","E","Base Case",68.33399,"RTPD"
"194","2024-05-02",8,2,"AEOLUS_EXP","E","Base Case",64.5935,"RTPD"
"195","2024-05-02",9,2,"AEOLUS_EXP","E","Base Case",69.01759,"RTPD"
"196","2024-05-02",10,2,"AEOLUS_EXP","E","Base Case",76.30249,"RTPD"
"197","2024-05-02",8,3,"AEOLUS_EXP","E","Base Case",64.80248,"RTPD"
"198","2024-05-02",9,3,"AEOLUS_EXP","E","Base Case",66.39197,"RTPD"
"199","2024-05-02",10,3,"AEOLUS_EXP","E","Base Case",68.4003,"RTPD"
"200","2024-05-02",8,4,"AEOLUS_EXP","E","Base Case",66.84637,"RTPD"
"201","2024-05-02",9,4,"AEOLUS_EXP","E","Base Case",60.75681,"RTPD"
"202","2024-05-02",10,4,"AEOLUS_EXP","E","Base Case",64.80392,"RTPD"
"203","2024-05-02",3,1,"BLYTHE_ITC","I","Base Case",-4e-04,"RTPD"
"204","2024-05-02",4,1,"BLYTHE_ITC","I","Base Case",-4e-04,"RTPD"
"205","2024-05-02",5,1,"BLYTHE_ITC","I","Base Case",-4e-04,"RTPD"
"206","2024-05-02",7,1,"BLYTHE_ITC","I","Base Case",-4e-04,"RTPD"
"207","2024-05-02",3,2,"BLYTHE_ITC","I","Base Case",-4e-04,"RTPD"
"208","2024-05-02",4,2,"BLYTHE_ITC","I","Base Case",-4e-04,"RTPD"
"209","2024-05-02",5,2,"BLYTHE_ITC","I","Base Case",-4e-04,"RTPD"
"210","2024-05-02",7,2,"BLYTHE_ITC","I","Base Case",-4e-04,"RTPD"
"211","2024-05-02",3,3,"BLYTHE_ITC","I","Base Case",-4e-04,"RTPD"
"212","2024-05-02",4,3,"BLYTHE_ITC","I","Base Case",-4e-04,"RTPD"
"213","2024-05-02",5,3,"BLYTHE_ITC","I","Base Case",-4e-04,"RTPD"
"214","2024-05-02",7,3,"BLYTHE_ITC","I","Base Case",-4e-04,"RTPD"
"215","2024-05-02",3,4,"BLYTHE_ITC","I","Base Case",-4e-04,"RTPD"
"216","2024-05-02",4,4,"BLYTHE_ITC","I","Base Case",-4e-04,"RTPD"
"217","2024-05-02",5,4,"BLYTHE_ITC","I","Base Case",-4e-04,"RTPD"
"218","2024-05-02",16,3,"EAST_WYO_EXP","E","Base Case",4.80104,"RTPD"
"219","2024-05-02",16,4,"EAST_WYO_EXP","E","Base Case",3.77275,"RTPD"
"220","2024-05-02",18,1,"EPE_SNMIC_ITC","I","Base Case",-10.31411,"RTPD"
"221","2024-05-02",17,2,"EPE_SNMIC_ITC","I","Base Case",-5.05403,"RTPD"
"222","2024-05-02",18,2,"EPE_SNMIC_ITC","I","Base Case",-8e-04,"RTPD"
"223","2024-05-02",17,3,"EPE_SNMIC_ITC","I","Base Case",-0.01513,"RTPD"
"224","2024-05-02",19,1,"INYO_INYO_1115_1","I","Base Case",398.76832,"RTPD"
"225","2024-05-02",8,1,"LDWP_IPP_NORTH","E","Base Case",-32.39847,"RTPD"
"226","2024-05-02",8,2,"LDWP_IPP_NORTH","E","Base Case",-30.53859,"RTPD"
"227","2024-05-02",7,3,"LDWP_IPP_NORTH","E","Base Case",-5.01261,"RTPD"
"228","2024-05-02",8,3,"LDWP_IPP_NORTH","E","Base Case",-31.4105,"RTPD"
"229","2024-05-02",3,4,"LDWP_IPP_NORTH","E","Base Case",-0.17726,"RTPD"
"230","2024-05-02",7,4,"LDWP_IPP_NORTH","E","Base Case",-7.19554,"RTPD"
"231","2024-05-02",8,4,"LDWP_IPP_NORTH","E","Base Case",-22.54235,"RTPD"
"232","2024-05-02",4,1,"MALIN500_ISL","E","Base Case",-4.80477,"RTPD"
"233","2024-05-02",4,2,"MALIN500_ISL","E","Base Case",-6.51753,"RTPD"
"234","2024-05-02",5,2,"MALIN500_ISL","E","Base Case",-0.002,"RTPD"
"235","2024-05-02",9,1,"ME-JF 138","I","VE1 VEAVST-PAHRUM 138",88.79972,"RTPD"
"236","2024-05-02",10,1,"ME-JF 138","I","VE1 VEAVST-PAHRUM 138",68.81762,"RTPD"
"237","2024-05-02",12,1,"ME-JF 138","I","VE1 VEAVST-PAHRUM 138",72.57141,"RTPD"
"238","2024-05-02",13,1,"ME-JF 138","I","VE1 VEAVST-PAHRUM 138",73.55265,"RTPD"
"239","2024-05-02",14,1,"ME-JF 138","I","VE1 VEAVST-PAHRUM 138",74.51773,"RTPD"
"240","2024-05-02",15,1,"ME-JF 138","I","VE1 VEAVST-PAHRUM 138",71.00881,"RTPD"
"241","2024-05-02",16,1,"ME-JF 138","I","VE1 VEAVST-PAHRUM 138",68.26893,"RTPD"
"242","2024-05-02",17,1,"ME-JF 138","I","VE1 VEAVST-PAHRUM 138",61.66614,"RTPD"
"243","2024-05-02",18,1,"ME-JF 138","I","VE1 VEAVST-PAHRUM 138",59.84015,"RTPD"
"244","2024-05-02",8,2,"ME-JF 138","I","VE1 VEAVST-PAHRUM 138",88.9441,"RTPD"
"245","2024-05-02",9,2,"ME-JF 138","I","VE1 VEAVST-PAHRUM 138",86.07556,"RTPD"
"246","2024-05-02",11,2,"ME-JF 138","I","VE1 VEAVST-PAHRUM 138",69.55101,"RTPD"
"247","2024-05-02",12,2,"ME-JF 138","I","VE1 VEAVST-PAHRUM 138",73.27594,"RTPD"
"248","2024-05-02",13,2,"ME-JF 138","I","VE1 VEAVST-PAHRUM 138",72.40446,"RTPD"
"249","2024-05-02",14,2,"ME-JF 138","I","VE1 VEAVST-PAHRUM 138",74.80021,"RTPD"
"250","2024-05-02",15,2,"ME-JF 138","I","VE1 VEAVST-PAHRUM 138",69.89145,"RTPD"
"251","2024-05-02",17,2,"ME-JF 138","I","VE1 VEAVST-PAHRUM 138",63.8999,"RTPD"
"252","2024-05-02",18,2,"ME-JF 138","I","VE1 VEAVST-PAHRUM 138",69.77941,"RTPD"
"253","2024-05-02",8,3,"ME-JF 138","I","VE1 VEAVST-PAHRUM 138",78.53855,"RTPD"
"254","2024-05-02",9,3,"ME-JF 138","I","VE1 VEAVST-PAHRUM 138",76.54577,"RTPD"
"255","2024-05-02",10,3,"ME-JF 138","I","VE1 VEAVST-PAHRUM 138",68.40305,"RTPD"
"256","2024-05-02",11,3,"ME-JF 138","I","VE1 VEAVST-PAHRUM 138",69.19323,"RTPD"
"257","2024-05-02",12,3,"ME-JF 138","I","VE1 VEAVST-PAHRUM 138",72.13434,"RTPD"
"258","2024-05-02",13,3,"ME-JF 138","I","VE1 VEAVST-PAHRUM 138",72.06303,"RTPD"
"259","2024-05-02",14,3,"ME-JF 138","I","VE1 VEAVST-PAHRUM 138",71.53041,"RTPD"
"260","2024-05-02",15,3,"ME-JF 138","I","VE1 VEAVST-PAHRUM 138",68.90876,"RTPD"
"261","2024-05-02",17,3,"ME-JF 138","I","VE1 VEAVST-PAHRUM 138",68.95579,"RTPD"
"262","2024-05-02",8,4,"ME-JF 138","I","VE1 VEAVST-PAHRUM 138",71.33036,"RTPD"
"263","2024-05-02",9,4,"ME-JF 138","I","VE1 VEAVST-PAHRUM 138",71.43371,"RTPD"
"264","2024-05-02",10,4,"ME-JF 138","I","VE1 VEAVST-PAHRUM 138",68.06287,"RTPD"
"265","2024-05-02",11,4,"ME-JF 138","I","VE1 VEAVST-PAHRUM 138",69.15958,"RTPD"
"266","2024-05-02",12,4,"ME-JF 138","I","VE1 VEAVST-PAHRUM 138",72.58494,"RTPD"
"267","2024-05-02",13,4,"ME-JF 138","I","VE1 VEAVST-PAHRUM 138",71.20715,"RTPD"
"268","2024-05-02",14,4,"ME-JF 138","I","VE1 VEAVST-PAHRUM 138",71.66878,"RTPD"
"269","2024-05-02",15,4,"ME-JF 138","I","VE1 VEAVST-PAHRUM 138",68.42801,"RTPD"
"270","2024-05-02",16,4,"ME-JF 138","I","VE1 VEAVST-PAHRUM 138",67.95241,"RTPD"
"271","2024-05-02",17,4,"ME-JF 138","I","VE1 VEAVST-PAHRUM 138",70.96031,"RTPD"
"272","2024-05-02",19,1,"NWMT_AMPS_EAST","I","Base Case",-14.96047,"RTPD"
"273","2024-05-02",5,2,"NWMT_AMPS_EAST","I","Base Case",-0.0012,"RTPD"
"274","2024-05-02",19,2,"NWMT_AMPS_EAST","I","Base Case",-6.26212,"RTPD"
"275","2024-05-02",5,3,"NWMT_AMPS_EAST","I","Base Case",-0.0012,"RTPD"
"276","2024-05-02",19,3,"NWMT_AMPS_EAST","I","Base Case",-0.0012,"RTPD"
"277","2024-05-02",5,4,"NWMT_AMPS_EAST","I","Base Case",-0.46191,"RTPD"
"278","2024-05-02",7,4,"NWMT_AMPS_EAST","I","Base Case",-9.99089,"RTPD"
"279","2024-05-02",3,1,"PARKER_ITC","I","Base Case",-4e-04,"RTPD"
"280","2024-05-02",4,1,"PARKER_ITC","I","Base Case",-4e-04,"RTPD"
"281","2024-05-02",5,1,"PARKER_ITC","I","Base Case",-4e-04,"RTPD"
"282","2024-05-02",7,1,"PARKER_ITC","I","Base Case",-4e-04,"RTPD"
"283","2024-05-02",3,2,"PARKER_ITC","I","Base Case",-4e-04,"RTPD"
"284","2024-05-02",4,2,"PARKER_ITC","I","Base Case",-4e-04,"RTPD"
"285","2024-05-02",5,2,"PARKER_ITC","I","Base Case",-4e-04,"RTPD"
"286","2024-05-02",7,2,"PARKER_ITC","I","Base Case",-4e-04,"RTPD"
"287","2024-05-02",3,3,"PARKER_ITC","I","Base Case",-4e-04,"RTPD"
"288","2024-05-02",4,3,"PARKER_ITC","I","Base Case",-4e-04,"RTPD"
"289","2024-05-02",5,3,"PARKER_ITC","I","Base Case",-4e-04,"RTPD"
"290","2024-05-02",7,3,"PARKER_ITC","I","Base Case",-4e-04,"RTPD"
"291","2024-05-02",16,3,"PARKER_ITC","E","Base Case",0,"RTPD"
"292","2024-05-02",3,4,"PARKER_ITC","I","Base Case",-4e-04,"RTPD"
"293","2024-05-02",4,4,"PARKER_ITC","I","Base Case",-4e-04,"RTPD"
"294","2024-05-02",5,4,"PARKER_ITC","I","Base Case",-4e-04,"RTPD"
"295","2024-05-02",16,4,"PARKER_ITC","E","Base Case",0,"RTPD"
"296","2024-05-02",7,1,"SRP_SYSTEM_ITC","E","Base Case",-8.60597,"RTPD"
"297","2024-05-02",7,2,"SRP_SYSTEM_ITC","E","Base Case",-4.82992,"RTPD"
"298","2024-05-02",14,4,"SRP_SYSTEM_ITC","I","Base Case",-4.95491,"RTPD"
"299","2024-05-02",16,4,"SRP_SYSTEM_ITC","I","Base Case",-8.261,"RTPD"
"300","2024-05-02",2,1,"TEPC_BA_EXP_ITC","E","Base Case",-0.59101,"RTPD"
"301","2024-05-02",3,1,"TEPC_BA_EXP_ITC","E","Base Case",-23.7584,"RTPD"
"302","2024-05-02",5,1,"TEPC_BA_EXP_ITC","E","Base Case",-6.80795,"RTPD"
"303","2024-05-02",7,1,"TEPC_BA_EXP_ITC","E","Base Case",-6.03112,"RTPD"
"304","2024-05-02",8,1,"TEPC_BA_EXP_ITC","E","Base Case",-1.09011,"RTPD"
"305","2024-05-02",1,2,"TEPC_BA_EXP_ITC","E","Base Case",-24.33487,"RTPD"
"306","2024-05-02",2,2,"TEPC_BA_EXP_ITC","E","Base Case",-21.84793,"RTPD"
"307","2024-05-02",3,2,"TEPC_BA_EXP_ITC","E","Base Case",-19.03275,"RTPD"
"308","2024-05-02",4,2,"TEPC_BA_EXP_ITC","E","Base Case",-0.002,"RTPD"
"309","2024-05-02",5,2,"TEPC_BA_EXP_ITC","E","Base Case",-23.10574,"RTPD"
"310","2024-05-02",7,2,"TEPC_BA_EXP_ITC","E","Base Case",-0.002,"RTPD"
"311","2024-05-02",1,3,"TEPC_BA_EXP_ITC","E","Base Case",-21.98331,"RTPD"
"312","2024-05-02",2,3,"TEPC_BA_EXP_ITC","E","Base Case",-15.22333,"RTPD"
"313","2024-05-02",3,3,"TEPC_BA_EXP_ITC","E","Base Case",-0.0012,"RTPD"
"314","2024-05-02",4,3,"TEPC_BA_EXP_ITC","E","Base Case",-1.43032,"RTPD"
"315","2024-05-02",5,3,"TEPC_BA_EXP_ITC","E","Base Case",-25.93899,"RTPD"
"316","2024-05-02",7,3,"TEPC_BA_EXP_ITC","E","Base Case",-8.57478,"RTPD"
"317","2024-05-02",1,4,"TEPC_BA_EXP_ITC","E","Base Case",-18.61425,"RTPD"
"318","2024-05-02",3,4,"TEPC_BA_EXP_ITC","E","Base Case",-0.0012,"RTPD"
"319","2024-05-02",4,4,"TEPC_BA_EXP_ITC","E","Base Case",-1.84956,"RTPD"
"320","2024-05-02",7,4,"TEPC_BA_EXP_ITC","E","Base Case",-4e-04,"RTPD"
"321","2024-05-02",16,1,"TEPC_BA_IMP_ITC","I","Base Case",-3.31927,"RTPD"
"322","2024-05-02",17,1,"TEPC_BA_IMP_ITC","I","Base Case",-11.7773,"RTPD"
"323","2024-05-02",18,1,"TEPC_BA_IMP_ITC","I","Base Case",-16.64943,"RTPD"
"324","2024-05-02",15,2,"TEPC_BA_IMP_ITC","I","Base Case",-1.95925,"RTPD"
"325","2024-05-02",16,2,"TEPC_BA_IMP_ITC","I","Base Case",-0.08101,"RTPD"
"326","2024-05-02",17,2,"TEPC_BA_IMP_ITC","I","Base Case",-9.76846,"RTPD"
"327","2024-05-02",18,2,"TEPC_BA_IMP_ITC","I","Base Case",-6.2571,"RTPD"
"328","2024-05-02",15,3,"TEPC_BA_IMP_ITC","I","Base Case",-3.033,"RTPD"
"329","2024-05-02",16,3,"TEPC_BA_IMP_ITC","I","Base Case",-4.02125,"RTPD"
"330","2024-05-02",17,3,"TEPC_BA_IMP_ITC","I","Base Case",-6.4333,"RTPD"
"331","2024-05-02",15,4,"TEPC_BA_IMP_ITC","I","Base Case",-4.02121,"RTPD"
"332","2024-05-02",16,4,"TEPC_BA_IMP_ITC","I","Base Case",-4.43716,"RTPD"
"333","2024-05-02",17,4,"TEPC_BA_IMP_ITC","I","Base Case",-4.79623,"RTPD"
"334","2024-05-02",5,1,"TOTAL_WYOMING_EXPORT","E","Base Case",1.78265,"RTPD"
"335","2024-05-02",6,1,"TOTAL_WYOMING_EXPORT","E","Base Case",69.0214,"RTPD"
"336","2024-05-02",7,1,"TOTAL_WYOMING_EXPORT","E","Base Case",21.78348,"RTPD"
"337","2024-05-02",12,1,"TOTAL_WYOMING_EXPORT","E","Base Case",14.26811,"RTPD"
"338","2024-05-02",13,1,"TOTAL_WYOMING_EXPORT","E","Base Case",10.0716,"RTPD"
"339","2024-05-02",14,1,"TOTAL_WYOMING_EXPORT","E","Base Case",10.15263,"RTPD"
"340","2024-05-02",15,1,"TOTAL_WYOMING_EXPORT","E","Base Case",7.15296,"RTPD"
"341","2024-05-02",19,1,"TOTAL_WYOMING_EXPORT","E","Base Case",12.30847,"RTPD"
"342","2024-05-02",20,1,"TOTAL_WYOMING_EXPORT","E","Base Case",30.59697,"RTPD"
"343","2024-05-02",4,2,"TOTAL_WYOMING_EXPORT","E","Base Case",2.83495,"RTPD"
"344","2024-05-02",5,2,"TOTAL_WYOMING_EXPORT","E","Base Case",5.3055,"RTPD"
"345","2024-05-02",6,2,"TOTAL_WYOMING_EXPORT","E","Base Case",67.98092,"RTPD"
"346","2024-05-02",7,2,"TOTAL_WYOMING_EXPORT","E","Base Case",19.11149,"RTPD"
"347","2024-05-02",13,2,"TOTAL_WYOMING_EXPORT","E","Base Case",9.01957,"RTPD"
"348","2024-05-02",15,2,"TOTAL_WYOMING_EXPORT","E","Base Case",23.32577,"RTPD"
"349","2024-05-02",16,2,"TOTAL_WYOMING_EXPORT","E","Base Case",3.62836,"RTPD"
"350","2024-05-02",19,2,"TOTAL_WYOMING_EXPORT","E","Base Case",19.09338,"RTPD"
"351","2024-05-02",20,2,"TOTAL_WYOMING_EXPORT","E","Base Case",13.6678,"RTPD"
"352","2024-05-02",4,3,"TOTAL_WYOMING_EXPORT","E","Base Case",3.63115,"RTPD"
"353","2024-05-02",5,3,"TOTAL_WYOMING_EXPORT","E","Base Case",15.78753,"RTPD"
"354","2024-05-02",6,3,"TOTAL_WYOMING_EXPORT","E","Base Case",32.7393,"RTPD"
"355","2024-05-02",7,3,"TOTAL_WYOMING_EXPORT","E","Base Case",17.19456,"RTPD"
"356","2024-05-02",12,3,"TOTAL_WYOMING_EXPORT","E","Base Case",8.33025,"RTPD"
"357","2024-05-02",13,3,"TOTAL_WYOMING_EXPORT","E","Base Case",8.04744,"RTPD"
"358","2024-05-02",15,3,"TOTAL_WYOMING_EXPORT","E","Base Case",22.81736,"RTPD"
"359","2024-05-02",19,3,"TOTAL_WYOMING_EXPORT","E","Base Case",30.7894,"RTPD"
"360","2024-05-02",20,3,"TOTAL_WYOMING_EXPORT","E","Base Case",6.61951,"RTPD"
"361","2024-05-02",4,4,"TOTAL_WYOMING_EXPORT","E","Base Case",3.54808,"RTPD"
"362","2024-05-02",5,4,"TOTAL_WYOMING_EXPORT","E","Base Case",19.91346,"RTPD"
"363","2024-05-02",6,4,"TOTAL_WYOMING_EXPORT","E","Base Case",27.43891,"RTPD"
"364","2024-05-02",7,4,"TOTAL_WYOMING_EXPORT","E","Base Case",22.16653,"RTPD"
"365","2024-05-02",12,4,"TOTAL_WYOMING_EXPORT","E","Base Case",24.54497,"RTPD"
"366","2024-05-02",13,4,"TOTAL_WYOMING_EXPORT","E","Base Case",23.53556,"RTPD"
"367","2024-05-02",14,4,"TOTAL_WYOMING_EXPORT","E","Base Case",22.59089,"RTPD"
"368","2024-05-02",19,4,"TOTAL_WYOMING_EXPORT","E","Base Case",18.92227,"RTPD"
"369","2024-05-02",17,4,"WALC_MEAD230_IMPORT_ITC","I","Base Case",0,"RTPD"
"370","2024-05-02",17,1,"WALC_NET_DYN_ETSR_IMPORT_ITC","I","Base Case",-4e-04,"RTPD"
"371","2024-05-02",16,2,"WALC_NET_DYN_ETSR_IMPORT_ITC","I","Base Case",-4e-04,"RTPD"
"372","2024-05-02",17,2,"WALC_NET_DYN_ETSR_IMPORT_ITC","I","Base Case",-4e-04,"RTPD"
"373","2024-05-02",15,3,"WALC_NET_DYN_ETSR_IMPORT_ITC","I","Base Case",-4e-04,"RTPD"
"374","2024-05-02",16,3,"WALC_NET_DYN_ETSR_IMPORT_ITC","I","Base Case",-4e-04,"RTPD"
"375","2024-05-02",17,3,"WALC_NET_DYN_ETSR_IMPORT_ITC","I","Base Case",-4e-04,"RTPD"
"376","2024-05-02",15,4,"WALC_NET_DYN_ETSR_IMPORT_ITC","I","Base Case",-4e-04,"RTPD"
"377","2024-05-02",16,4,"WALC_NET_DYN_ETSR_IMPORT_ITC","I","Base Case",-4e-04,"RTPD"
"378","2024-05-02",17,4,"WALC_NET_DYN_ETSR_IMPORT_ITC","I","Base Case",-4e-04,"RTPD"
"379","2024-05-02",10,1,"WINDSTAR EXPORT TCOR","E","Base Case",27.59435,"RTPD"
"380","2024-05-02",9,2,"WINDSTAR EXPORT TCOR","E","Base Case",8.5433,"RTPD"
"381","2024-05-02",10,2,"WINDSTAR EXPORT TCOR","E","Base Case",18.68649,"RTPD"
"382","2024-05-02",11,2,"WINDSTAR EXPORT TCOR","E","Base Case",8.95346,"RTPD"
"383","2024-05-02",10,3,"WINDSTAR EXPORT TCOR","E","Base Case",9.80387,"RTPD"
"384","2024-05-02",11,3,"WINDSTAR EXPORT TCOR","E","Base Case",7.53446,"RTPD"
"385","2024-05-02",9,4,"WINDSTAR EXPORT TCOR","E","Base Case",1.65887,"RTPD"
"386","2024-05-02",10,4,"WINDSTAR EXPORT TCOR","E","Base Case",7.27791,"RTPD"
"387","2024-05-02",11,4,"WINDSTAR EXPORT TCOR","E","Base Case",0.05265,"RTPD"
"388","2024-05-02",19,1,"WSTWGMEAD_ITC","E","Base Case",-187.47244,"RTPD"
"389","2024-05-02",19,2,"WSTWGMEAD_ITC","E","Base Case",-173.8372,"RTPD"
"390","2024-05-02",19,3,"WSTWGMEAD_ITC","E","Base Case",-158.69857,"RTPD"
